"tempSet";"tempActual";"timestamp"
54.0;54.7217;10/26/17 4:02 AM
54.0;54.61;10/26/17 4:02 AM
54.0;54.48;10/26/17 4:02 AM
54.0;54.23;10/26/17 4:02 AM
54.0;53.9682;10/26/17 4:03 AM
54.0;53.567;10/26/17 4:03 AM
54.0;53.15;10/26/17 4:03 AM
54.0;52.844;10/26/17 4:03 AM
54.0;52.4418;10/26/17 4:04 AM
54.0;52.261;10/26/17 4:04 AM
54.0;52.107;10/26/17 4:04 AM
54.0;52.006;10/26/17 4:04 AM
54.0;52.063;10/26/17 4:05 AM
54.0;52.35;10/26/17 4:05 AM
54.0;52.667;10/26/17 4:05 AM
54.0;52.958;10/26/17 4:05 AM
54.0;53.24;10/26/17 4:06 AM
54.0;53.49;10/26/17 4:06 AM
54.0;53.74;10/26/17 4:06 AM
54.0;53.927;10/26/17 4:06 AM
54.0;54.07;10/26/17 4:07 AM
54.0;54.184;10/26/17 4:07 AM
54.0;54.31;10/26/17 4:07 AM
54.0;54.401;10/26/17 4:07 AM
54.0;54.5;10/26/17 4:08 AM
54.0;54.588;10/26/17 4:08 AM
54.0;54.61;10/26/17 4:08 AM
54.0;54.67;10/26/17 4:08 AM
54.0;54.72;10/26/17 4:09 AM
54.0;54.72;10/26/17 4:09 AM
54.0;54.643;10/26/17 4:09 AM
54.0;54.57;10/26/17 4:09 AM
54.0;54.467;10/26/17 4:10 AM
54.0;54.1227;10/26/17 4:10 AM
54.0;53.777;10/26/17 4:10 AM
54.0;53.376;10/26/17 4:10 AM
54.0;52.9745;10/26/17 4:11 AM
54.0;52.788;10/26/17 4:11 AM
54.0;52.612;10/26/17 4:11 AM
54.0;52.59;10/26/17 4:11 AM
54.0;52.5027;10/26/17 4:12 AM
54.0;52.6;10/26/17 4:12 AM
54.0;52.799;10/26/17 4:12 AM
54.0;53.06;10/26/17 4:12 AM
54.0;53.32;10/26/17 4:13 AM
54.0;53.66;10/26/17 4:13 AM
54.0;53.903;10/26/17 4:13 AM
54.0;54.09;10/26/17 4:13 AM
54.0;54.278;10/26/17 4:14 AM
54.0;54.42;10/26/17 4:14 AM
54.0;54.5;10/26/17 4:14 AM
54.0;54.588;10/26/17 4:14 AM
54.0;54.62;10/26/17 4:15 AM
54.0;54.72;10/26/17 4:15 AM
54.0;54.72;10/26/17 4:15 AM
54.0;54.792;10/26/17 4:15 AM
54.0;54.66;10/26/17 4:16 AM
54.0;54.61;10/26/17 4:16 AM
54.0;54.555;10/26/17 4:16 AM
54.0;54.2864;10/26/17 4:16 AM
54.0;53.926;10/26/17 4:17 AM
54.0;53.567;10/26/17 4:17 AM
54.0;53.1182;10/26/17 4:17 AM
54.0;52.766;10/26/17 4:17 AM
54.0;52.519;10/26/17 4:18 AM
54.0;52.217;10/26/17 4:18 AM
54.0;52.0264;10/26/17 4:18 AM
54.0;51.97;10/26/17 4:18 AM
54.0;52.129;10/26/17 4:19 AM
54.0;52.496;10/26/17 4:19 AM
54.0;52.777;10/26/17 4:19 AM
54.0;53.1082;10/26/17 4:19 AM
54.0;53.412;10/26/17 4:20 AM
54.0;53.644;10/26/17 4:20 AM
54.0;53.79;10/26/17 4:20 AM
54.0;53.973;10/26/17 4:20 AM
54.0;54.12;10/26/17 4:21 AM
54.0;54.268;10/26/17 4:21 AM
54.0;54.36;10/26/17 4:21 AM
54.0;54.412;10/26/17 4:21 AM
54.0;54.5;10/26/17 4:22 AM
54.0;54.555;10/26/17 4:22 AM
54.0;54.61;10/26/17 4:22 AM
54.0;54.61;10/26/17 4:22 AM
54.0;54.72;10/26/17 4:23 AM
54.0;54.72;10/26/17 4:23 AM
54.0;54.72;10/26/17 4:23 AM
54.0;54.68;10/26/17 4:23 AM
54.0;54.61;10/26/17 4:24 AM
54.0;54.489;10/26/17 4:24 AM
54.0;54.2764;10/26/17 4:24 AM
54.0;53.948;10/26/17 4:24 AM
54.0;53.5091;10/26/17 4:25 AM
54.0;53.128;10/26/17 4:25 AM
54.0;52.887;10/26/17 4:25 AM
54.0;52.7;10/26/17 4:25 AM
54.0;52.59;10/26/17 4:26 AM
54.0;52.47;10/26/17 4:26 AM
54.0;52.494;10/26/17 4:26 AM
54.0;52.678;10/26/17 4:26 AM
54.0;52.9645;10/26/17 4:27 AM
54.0;53.263;10/26/17 4:27 AM
54.0;53.567;10/26/17 4:27 AM
54.0;53.7909;10/26/17 4:27 AM
54.0;53.984;10/26/17 4:28 AM
54.0;54.1936;10/26/17 4:28 AM
54.0;54.335;10/26/17 4:28 AM
54.0;54.46;10/26/17 4:28 AM
54.0;54.61;10/26/17 4:29 AM
54.0;54.61;10/26/17 4:29 AM
54.0;54.72;10/26/17 4:29 AM
54.0;54.7309;10/26/17 4:29 AM
54.0;54.768;10/26/17 4:30 AM
54.0;54.676;10/26/17 4:30 AM
54.0;54.566;10/26/17 4:30 AM
54.0;54.41;10/26/17 4:30 AM
54.0;54.187;10/26/17 4:31 AM
54.0;53.8136;10/26/17 4:31 AM
54.0;53.331;10/26/17 4:31 AM
54.0;52.923;10/26/17 4:31 AM
54.0;52.6182;10/26/17 4:32 AM
54.0;52.316;10/26/17 4:32 AM
54.0;52.162;10/26/17 4:32 AM
54.0;51.866;10/26/17 4:32 AM
54.0;51.8;10/26/17 4:33 AM
54.0;51.9436;10/26/17 4:33 AM
54.0;52.173;10/26/17 4:33 AM
54.0;52.496;10/26/17 4:33 AM
54.0;52.855;10/26/17 4:34 AM
54.0;53.15;10/26/17 4:34 AM
54.0;53.3773;10/26/17 4:34 AM
54.0;53.6;10/26/17 4:34 AM
54.0;53.74;10/26/17 4:35 AM
54.0;53.892;10/26/17 4:35 AM
54.0;54.02;10/26/17 4:35 AM
54.0;54.138;10/26/17 4:35 AM
54.0;54.1709;10/26/17 4:36 AM
54.0;54.28;10/26/17 4:36 AM
54.0;54.335;10/26/17 4:36 AM
54.0;54.39;10/26/17 4:36 AM
54.0;54.48;10/26/17 4:37 AM
54.0;54.533;10/26/17 4:37 AM
54.0;54.61;10/26/17 4:37 AM
54.0;54.61;10/26/17 4:37 AM
54.0;54.654;10/26/17 4:38 AM
54.0;54.72;10/26/17 4:38 AM
54.0;54.72;10/26/17 4:38 AM
54.0;54.72;10/26/17 4:38 AM
54.0;54.676;10/26/17 4:39 AM
54.0;54.588;10/26/17 4:39 AM
54.0;54.434;10/26/17 4:39 AM
54.0;54.0291;10/26/17 4:39 AM
54.0;53.644;10/26/17 4:40 AM
54.0;53.2127;10/26/17 4:40 AM
54.0;52.855;10/26/17 4:40 AM
54.0;52.61;10/26/17 4:40 AM
54.0;52.47;10/26/17 4:41 AM
54.0;52.47;10/26/17 4:41 AM
54.0;52.47;10/26/17 4:41 AM
54.0;52.518;10/26/17 4:41 AM
54.0;52.722;10/26/17 4:42 AM
54.0;53.003;10/26/17 4:42 AM
54.0;53.3045;10/26/17 4:42 AM
54.0;53.567;10/26/17 4:42 AM
54.0;53.77;10/26/17 4:43 AM
54.0;53.973;10/26/17 4:43 AM
54.0;54.11;10/26/17 4:43 AM
54.0;54.256;10/26/17 4:43 AM
54.0;54.34;10/26/17 4:44 AM
54.0;54.412;10/26/17 4:44 AM
54.0;54.5;10/26/17 4:44 AM
54.0;54.533;10/26/17 4:44 AM
54.0;54.61;10/26/17 4:45 AM
54.0;54.61;10/26/17 4:45 AM
54.0;54.687;10/26/17 4:45 AM
54.0;54.72;10/26/17 4:45 AM
54.0;54.7418;10/26/17 4:46 AM
54.0;54.698;10/26/17 4:46 AM
54.0;54.58;10/26/17 4:46 AM
54.0;54.5;10/26/17 4:46 AM
54.0;54.298;10/26/17 4:47 AM
54.0;53.9582;10/26/17 4:47 AM
54.0;53.64;10/26/17 4:47 AM
54.0;53.07;10/26/17 4:47 AM
54.0;52.609;10/26/17 4:48 AM
54.0;52.15;10/26/17 4:48 AM
54.0;51.822;10/26/17 4:48 AM
54.0;51.4318;10/26/17 4:48 AM
54.0;51.128;10/26/17 4:49 AM
54.0;51.106;10/26/17 4:49 AM
54.0;51.29;10/26/17 4:49 AM
54.0;51.686;10/26/17 4:49 AM
54.0;52.072;10/26/17 4:50 AM
54.0;52.394;10/26/17 4:50 AM
54.0;52.75;10/26/17 4:50 AM
54.0;53.015;10/26/17 4:50 AM
54.0;53.251;10/26/17 4:51 AM
54.0;53.43;10/26/17 4:51 AM
54.0;53.567;10/26/17 4:51 AM
54.0;53.677;10/26/17 4:51 AM
54.0;53.79;10/26/17 4:52 AM
54.0;53.904;10/26/17 4:52 AM
54.0;53.97;10/26/17 4:52 AM
54.0;54.05;10/26/17 4:52 AM
54.0;54.094;10/26/17 4:53 AM
54.0;54.16;10/26/17 4:53 AM
54.0;54.196;10/26/17 4:53 AM
54.0;54.2691;10/26/17 4:53 AM
54.0;54.324;10/26/17 4:54 AM
54.0;54.39;10/26/17 4:54 AM
54.0;54.39;10/26/17 4:54 AM
54.0;54.49;10/26/17 4:54 AM
54.0;54.5;10/26/17 4:55 AM
54.0;54.54;10/26/17 4:55 AM
54.0;54.61;10/26/17 4:55 AM
54.0;54.665;10/26/17 4:55 AM
54.0;54.72;10/26/17 4:56 AM
54.0;54.72;10/26/17 4:56 AM
54.0;54.72;10/26/17 4:56 AM
54.0;54.643;10/26/17 4:56 AM
54.0;54.5;10/26/17 4:57 AM
54.0;54.2564;10/26/17 4:57 AM
54.0;53.937;10/26/17 4:57 AM
54.0;53.5;10/26/17 4:57 AM
54.0;53.048;10/26/17 4:58 AM
54.0;52.74;10/26/17 4:58 AM
54.0;52.438;10/26/17 4:58 AM
54.0;52.305;10/26/17 4:58 AM
54.0;52.25;10/26/17 4:59 AM
54.0;52.272;10/26/17 4:59 AM
54.0;52.404;10/26/17 4:59 AM
54.0;52.7;10/26/17 4:59 AM
54.0;52.9955;10/26/17 5:00 AM
54.0;53.228;10/26/17 5:00 AM
54.0;53.457;10/26/17 5:00 AM
54.0;53.66;10/26/17 5:00 AM
54.0;53.844;10/26/17 5:01 AM
54.0;53.99;10/26/17 5:01 AM
54.0;54.149;10/26/17 5:01 AM
54.0;54.2145;10/26/17 5:01 AM
54.0;54.313;10/26/17 5:02 AM
54.0;54.39;10/26/17 5:02 AM
54.0;54.401;10/26/17 5:02 AM
54.0;54.5;10/26/17 5:02 AM
54.0;54.5;10/26/17 5:03 AM
54.0;54.588;10/26/17 5:03 AM
54.0;54.61;10/26/17 5:03 AM
54.0;54.61;10/26/17 5:03 AM
54.0;54.654;10/26/17 5:04 AM
54.0;54.72;10/26/17 5:04 AM
54.0;54.72;10/26/17 5:04 AM
54.0;54.65;10/26/17 5:04 AM
54.0;54.511;10/26/17 5:05 AM
54.0;54.3882;10/26/17 5:05 AM
54.0;53.982;10/26/17 5:05 AM
54.0;53.72;10/26/17 5:05 AM
54.0;53.365;10/26/17 5:06 AM
54.0;52.845;10/26/17 5:06 AM
54.0;52.623;10/26/17 5:06 AM
54.0;52.4609;10/26/17 5:06 AM
54.0;52.36;10/26/17 5:07 AM
54.0;52.305;10/26/17 5:07 AM
54.0;52.349;10/26/17 5:07 AM
54.0;52.4409;10/26/17 5:07 AM
54.0;52.7;10/26/17 5:08 AM
54.0;52.957;10/26/17 5:08 AM
54.0;53.2627;10/26/17 5:08 AM
54.0;53.567;10/26/17 5:08 AM
54.0;53.787;10/26/17 5:09 AM
54.0;53.9491;10/26/17 5:09 AM
54.0;54.072;10/26/17 5:09 AM
54.0;54.1818;10/26/17 5:09 AM
54.0;54.28;10/26/17 5:10 AM
54.0;54.368;10/26/17 5:10 AM
54.0;54.4;10/26/17 5:10 AM
54.0;54.434;10/26/17 5:10 AM
54.0;54.5;10/26/17 5:11 AM
54.0;54.522;10/26/17 5:11 AM
54.0;54.6;10/26/17 5:11 AM
54.0;54.61;10/26/17 5:11 AM
54.0;54.632;10/26/17 5:12 AM
54.0;54.72;10/26/17 5:12 AM
54.0;54.72;10/26/17 5:12 AM
54.0;54.72;10/26/17 5:12 AM
54.0;54.621;10/26/17 5:13 AM
54.0;54.5;10/26/17 5:13 AM
54.0;54.333;10/26/17 5:13 AM
54.0;54.02;10/26/17 5:13 AM
54.0;53.699;10/26/17 5:14 AM
54.0;53.2027;10/26/17 5:14 AM
54.0;52.81;10/26/17 5:14 AM
54.0;52.645;10/26/17 5:14 AM
54.0;52.449;10/26/17 5:15 AM
54.0;52.41;10/26/17 5:15 AM
54.0;52.338;10/26/17 5:15 AM
54.0;52.382;10/26/17 5:15 AM
54.0;52.6182;10/26/17 5:16 AM
54.0;52.9;10/26/17 5:16 AM
54.0;53.15;10/26/17 5:16 AM
54.0;53.377;10/26/17 5:16 AM
54.0;53.61;10/26/17 5:17 AM
54.0;53.788;10/26/17 5:17 AM
54.0;54.0;10/26/17 5:17 AM
54.0;54.116;10/26/17 5:17 AM
54.0;54.2255;10/26/17 5:18 AM
54.0;54.313;10/26/17 5:18 AM
54.0;54.4;10/26/17 5:18 AM
54.0;54.48;10/26/17 5:18 AM
54.0;54.5;10/26/17 5:19 AM
54.0;54.51;10/26/17 5:19 AM
54.0;54.599;10/26/17 5:19 AM
54.0;54.61;10/26/17 5:19 AM
54.0;54.61;10/26/17 5:20 AM
54.0;54.69;10/26/17 5:20 AM
54.0;54.72;10/26/17 5:20 AM
54.0;54.72;10/26/17 5:20 AM
54.0;54.66;10/26/17 5:21 AM
54.0;54.5;10/26/17 5:21 AM
54.0;54.45;10/26/17 5:21 AM
54.0;54.232;10/26/17 5:21 AM
54.0;53.9982;10/26/17 5:22 AM
54.0;53.488;10/26/17 5:22 AM
54.0;53.048;10/26/17 5:22 AM
54.0;52.755;10/26/17 5:22 AM
54.0;52.4918;10/26/17 5:23 AM
54.0;52.47;10/26/17 5:23 AM
54.0;52.371;10/26/17 5:23 AM
54.0;52.36;10/26/17 5:23 AM
54.0;52.495;10/26/17 5:24 AM
54.0;52.733;10/26/17 5:24 AM
54.0;53.014;10/26/17 5:24 AM
54.0;53.2727;10/26/17 5:24 AM
54.0;53.512;10/26/17 5:25 AM
54.0;53.71;10/26/17 5:25 AM
54.0;53.88;10/26/17 5:25 AM
54.0;54.02;10/26/17 5:25 AM
54.0;54.138;10/26/17 5:26 AM
54.0;54.28;10/26/17 5:26 AM
54.0;54.357;10/26/17 5:26 AM
54.0;54.39;10/26/17 5:26 AM
54.0;54.423;10/26/17 5:27 AM
54.0;54.5;10/26/17 5:27 AM
54.0;54.5;10/26/17 5:27 AM
54.0;54.58;10/26/17 5:27 AM
54.0;54.61;10/26/17 5:28 AM
54.0;54.687;10/26/17 5:28 AM
54.0;54.72;10/26/17 5:28 AM
54.0;54.72;10/26/17 5:28 AM
54.0;54.709;10/26/17 5:29 AM
54.0;54.566;10/26/17 5:29 AM
54.0;54.46;10/26/17 5:29 AM
54.0;54.22;10/26/17 5:29 AM
54.0;53.8545;10/26/17 5:30 AM
54.0;53.365;10/26/17 5:30 AM
54.0;52.9645;10/26/17 5:30 AM
54.0;52.689;10/26/17 5:30 AM
54.0;52.506;10/26/17 5:31 AM
54.0;52.371;10/26/17 5:31 AM
54.0;52.25;10/26/17 5:31 AM
54.0;52.25;10/26/17 5:31 AM
54.0;52.305;10/26/17 5:32 AM
54.0;52.541;10/26/17 5:32 AM
54.0;52.82;10/26/17 5:32 AM
54.0;53.106;10/26/17 5:32 AM
54.0;53.343;10/26/17 5:33 AM
54.0;53.58;10/26/17 5:33 AM
54.0;53.787;10/26/17 5:33 AM
54.0;53.9391;10/26/17 5:33 AM
54.0;54.072;10/26/17 5:34 AM
54.0;54.1709;10/26/17 5:34 AM
54.0;54.268;10/26/17 5:34 AM
54.0;54.33;10/26/17 5:34 AM
54.0;54.39;10/26/17 5:35 AM
54.0;54.39;10/26/17 5:35 AM
54.0;54.489;10/26/17 5:35 AM
54.0;54.5;10/26/17 5:35 AM
54.0;54.511;10/26/17 5:36 AM
54.0;54.599;10/26/17 5:36 AM
54.0;54.665;10/26/17 5:36 AM
54.0;54.72;10/26/17 5:36 AM
54.0;54.72;10/26/17 5:37 AM
54.0;54.621;10/26/17 5:37 AM
54.0;54.53;10/26/17 5:37 AM
54.0;54.445;10/26/17 5:37 AM
54.0;54.2055;10/26/17 5:38 AM
54.0;53.927;10/26/17 5:38 AM
54.0;53.544;10/26/17 5:38 AM
54.0;53.0873;10/26/17 5:38 AM
54.0;52.766;10/26/17 5:39 AM
54.0;52.519;10/26/17 5:39 AM
54.0;52.3;10/26/17 5:39 AM
54.0;52.25;10/26/17 5:39 AM
54.0;52.316;10/26/17 5:40 AM
54.0;52.371;10/26/17 5:40 AM
54.0;52.541;10/26/17 5:40 AM
54.0;52.79;10/26/17 5:40 AM
54.0;53.049;10/26/17 5:41 AM
54.0;53.2836;10/26/17 5:41 AM
54.0;53.523;10/26/17 5:41 AM
54.0;53.666;10/26/17 5:41 AM
54.0;53.8309;10/26/17 5:42 AM
54.0;53.962;10/26/17 5:42 AM
54.0;54.07;10/26/17 5:42 AM
54.0;54.16;10/26/17 5:42 AM
54.0;54.2364;10/26/17 5:43 AM
54.0;54.379;10/26/17 5:43 AM
54.0;54.39;10/26/17 5:43 AM
54.0;54.478;10/26/17 5:43 AM
54.0;54.5;10/26/17 5:44 AM
54.0;54.51;10/26/17 5:44 AM
54.0;54.61;10/26/17 5:44 AM
54.0;54.61;10/26/17 5:44 AM
54.0;54.632;10/26/17 5:45 AM
54.0;54.64;10/26/17 5:45 AM
54.0;54.698;10/26/17 5:45 AM
54.0;54.654;10/26/17 5:45 AM
54.0;54.52;10/26/17 5:46 AM
54.0;54.379;10/26/17 5:46 AM
54.0;54.1418;10/26/17 5:46 AM
54.0;53.712;10/26/17 5:46 AM
54.0;53.1818;10/26/17 5:47 AM
54.0;52.832;10/26/17 5:47 AM
54.0;52.553;10/26/17 5:47 AM
54.0;52.294;10/26/17 5:47 AM
54.0;52.2;10/26/17 5:48 AM
54.0;52.14;10/26/17 5:48 AM
54.0;52.162;10/26/17 5:48 AM
54.0;52.294;10/26/17 5:48 AM
54.0;52.5345;10/26/17 5:49 AM
54.0;52.788;10/26/17 5:49 AM
54.0;53.026;10/26/17 5:49 AM
54.0;53.262;10/26/17 5:49 AM
54.0;53.49;10/26/17 5:50 AM
54.0;53.644;10/26/17 5:50 AM
54.0;53.8427;10/26/17 5:50 AM
54.0;53.951;10/26/17 5:50 AM
54.0;54.05;10/26/17 5:51 AM
54.0;54.127;10/26/17 5:51 AM
54.0;54.2036;10/26/17 5:51 AM
54.0;54.28;10/26/17 5:51 AM
54.0;54.28;10/26/17 5:52 AM
54.0;54.36;10/26/17 5:52 AM
54.0;54.39;10/26/17 5:52 AM
54.0;54.478;10/26/17 5:52 AM
54.0;54.5;10/26/17 5:53 AM
54.0;54.5;10/26/17 5:53 AM
54.0;54.533;10/26/17 5:53 AM
54.0;54.599;10/26/17 5:53 AM
54.0;54.61;10/26/17 5:54 AM
54.0;54.61;10/26/17 5:54 AM
54.0;54.643;10/26/17 5:54 AM
54.0;54.698;10/26/17 5:54 AM
54.0;54.72;10/26/17 5:55 AM
54.0;54.72;10/26/17 5:55 AM
54.0;54.632;10/26/17 5:55 AM
54.0;54.43;10/26/17 5:55 AM
54.0;54.313;10/26/17 5:56 AM
54.0;54.0282;10/26/17 5:56 AM
54.0;53.622;10/26/17 5:56 AM
54.0;53.2027;10/26/17 5:56 AM
54.0;52.843;10/26/17 5:57 AM
54.0;52.564;10/26/17 5:57 AM
54.0;52.382;10/26/17 5:57 AM
54.0;52.2;10/26/17 5:57 AM
54.0;52.14;10/26/17 5:58 AM
54.0;52.195;10/26/17 5:58 AM
54.0;52.4;10/26/17 5:58 AM
54.0;52.656;10/26/17 5:58 AM
54.0;52.9;10/26/17 5:59 AM
54.0;53.15;10/26/17 5:59 AM
54.0;53.3982;10/26/17 5:59 AM
54.0;53.589;10/26/17 5:59 AM
54.0;53.76;10/26/17 6:00 AM
54.0;0.0;10/26/17 6:00 AM
54.0;54.16;10/26/17 6:00 AM
54.0;54.2691;10/26/17 6:01 AM
54.0;54.28;10/26/17 6:01 AM
54.0;54.36;10/26/17 6:01 AM
54.0;54.412;10/26/17 6:01 AM
54.0;54.5;10/26/17 6:02 AM
54.0;54.5;10/26/17 6:02 AM
54.0;54.5;10/26/17 6:02 AM
54.0;54.566;10/26/17 6:02 AM
54.0;54.61;10/26/17 6:03 AM
54.0;54.61;10/26/17 6:03 AM
54.0;54.61;10/26/17 6:03 AM
54.0;54.68;10/26/17 6:03 AM
54.0;54.72;10/26/17 6:04 AM
54.0;54.72;10/26/17 6:04 AM
54.0;54.64;10/26/17 6:04 AM
54.0;54.5;10/26/17 6:04 AM
54.0;54.412;10/26/17 6:05 AM
54.0;54.1727;10/26/17 6:05 AM
54.0;53.824;10/26/17 6:05 AM
54.0;53.3355;10/26/17 6:05 AM
54.0;52.833;10/26/17 6:06 AM
54.0;52.519;10/26/17 6:06 AM
54.0;52.316;10/26/17 6:06 AM
54.0;52.25;10/26/17 6:06 AM
54.0;52.239;10/26/17 6:07 AM
54.0;52.151;10/26/17 6:07 AM
54.0;52.31;10/26/17 6:07 AM
54.0;52.53;10/26/17 6:07 AM
54.0;52.777;10/26/17 6:08 AM
54.0;53.048;10/26/17 6:08 AM
54.0;53.2945;10/26/17 6:08 AM
54.0;53.534;10/26/17 6:08 AM
54.0;53.69;10/26/17 6:09 AM
54.0;53.856;10/26/17 6:09 AM
54.0;53.98;10/26/17 6:09 AM
54.0;54.105;10/26/17 6:09 AM
54.0;54.16;10/26/17 6:10 AM
54.0;54.256;10/26/17 6:10 AM
54.0;54.28;10/26/17 6:10 AM
54.0;54.357;10/26/17 6:10 AM
54.0;54.39;10/26/17 6:11 AM
54.0;54.39;10/26/17 6:11 AM
54.0;54.44;10/26/17 6:11 AM
54.0;54.5;10/26/17 6:11 AM
54.0;54.51;10/26/17 6:12 AM
54.0;54.61;10/26/17 6:12 AM
54.0;54.61;10/26/17 6:12 AM
54.0;54.65;10/26/17 6:12 AM
54.0;54.72;10/26/17 6:13 AM
54.0;54.72;10/26/17 6:13 AM
54.0;54.65;10/26/17 6:13 AM
54.0;54.544;10/26/17 6:13 AM
54.0;54.42;10/26/17 6:14 AM
54.0;54.209;10/26/17 6:14 AM
54.0;53.7518;10/26/17 6:14 AM
54.0;53.354;10/26/17 6:14 AM
54.0;52.856;10/26/17 6:15 AM
54.0;52.678;10/26/17 6:15 AM
54.0;52.5464;10/26/17 6:15 AM
54.0;52.316;10/26/17 6:15 AM
54.0;52.25;10/26/17 6:16 AM
54.0;52.14;10/26/17 6:16 AM
54.0;52.228;10/26/17 6:16 AM
54.0;52.461;10/26/17 6:16 AM
54.0;52.722;10/26/17 6:17 AM
54.0;53.0055;10/26/17 6:17 AM
54.0;53.251;10/26/17 6:17 AM
54.0;53.446;10/26/17 6:17 AM
54.0;53.64;10/26/17 6:18 AM
54.0;53.787;10/26/17 6:18 AM
54.0;53.9073;10/26/17 6:18 AM
54.0;53.995;10/26/17 6:18 AM
54.0;54.05;10/26/17 6:19 AM
54.0;54.16;10/26/17 6:19 AM
54.0;54.1709;10/26/17 6:19 AM
54.0;54.268;10/26/17 6:19 AM
54.0;54.28;10/26/17 6:20 AM
54.0;54.335;10/26/17 6:20 AM
54.0;54.38;10/26/17 6:20 AM
54.0;54.39;10/26/17 6:20 AM
54.0;54.42;10/26/17 6:21 AM
54.0;54.5;10/26/17 6:21 AM
54.0;54.5;10/26/17 6:21 AM
54.0;54.544;10/26/17 6:21 AM
54.0;54.6;10/26/17 6:22 AM
54.0;54.61;10/26/17 6:22 AM
54.0;54.61;10/26/17 6:22 AM
54.0;54.62;10/26/17 6:22 AM
54.0;54.698;10/26/17 6:23 AM
54.0;54.72;10/26/17 6:23 AM
54.0;54.72;10/26/17 6:23 AM
54.0;54.621;10/26/17 6:23 AM
54.0;54.489;10/26/17 6:24 AM
54.0;54.3091;10/26/17 6:24 AM
54.0;53.981;10/26/17 6:24 AM
54.0;53.4164;10/26/17 6:24 AM
54.0;53.025;10/26/17 6:25 AM
54.0;52.643;10/26/17 6:25 AM
54.0;52.36;10/26/17 6:25 AM
54.0;52.25;10/26/17 6:25 AM
54.0;52.151;10/26/17 6:26 AM
54.0;52.14;10/26/17 6:26 AM
54.0;52.24;10/26/17 6:26 AM
54.0;52.415;10/26/17 6:26 AM
54.0;52.645;10/26/17 6:27 AM
54.0;52.877;10/26/17 6:27 AM
54.0;53.15;10/26/17 6:27 AM
54.0;53.344;10/26/17 6:27 AM
54.0;53.545;10/26/17 6:28 AM
54.0;53.7;10/26/17 6:28 AM
54.0;53.856;10/26/17 6:28 AM
54.0;53.98;10/26/17 6:28 AM
54.0;54.061;10/26/17 6:29 AM
54.0;54.15;10/26/17 6:29 AM
54.0;54.1818;10/26/17 6:29 AM
54.0;54.28;10/26/17 6:29 AM
54.0;54.28;10/26/17 6:30 AM
54.0;54.35;10/26/17 6:30 AM
54.0;54.39;10/26/17 6:30 AM
54.0;54.412;10/26/17 6:30 AM
54.0;54.5;10/26/17 6:31 AM
54.0;54.5;10/26/17 6:31 AM
54.0;54.5;10/26/17 6:31 AM
54.0;54.599;10/26/17 6:31 AM
54.0;54.61;10/26/17 6:32 AM
54.0;54.61;10/26/17 6:32 AM
54.0;54.61;10/26/17 6:32 AM
54.0;54.643;10/26/17 6:32 AM
54.0;54.72;10/26/17 6:33 AM
54.0;54.72;10/26/17 6:33 AM
54.0;54.676;10/26/17 6:33 AM
54.0;54.54;10/26/17 6:33 AM
54.0;54.412;10/26/17 6:34 AM
54.0;54.1945;10/26/17 6:34 AM
54.0;53.835;10/26/17 6:34 AM
54.0;53.477;10/26/17 6:34 AM
54.0;52.9436;10/26/17 6:35 AM
54.0;52.61;10/26/17 6:35 AM
54.0;52.316;10/26/17 6:35 AM
54.0;52.18;10/26/17 6:35 AM
54.0;52.0911;10/26/17 6:36 AM
54.0;51.9955;10/26/17 6:36 AM
54.0;52.184;10/26/17 6:36 AM
54.0;52.36;10/26/17 6:36 AM
54.0;52.6282;10/26/17 6:37 AM
54.0;52.911;10/26/17 6:37 AM
54.0;53.139;10/26/17 6:37 AM
54.0;53.355;10/26/17 6:37 AM
54.0;53.55;10/26/17 6:38 AM
54.0;53.688;10/26/17 6:38 AM
54.0;53.81;10/26/17 6:38 AM
54.0;53.97;10/26/17 6:38 AM
54.0;54.072;10/26/17 6:39 AM
54.0;54.15;10/26/17 6:39 AM
54.0;54.16;10/26/17 6:39 AM
54.0;54.2145;10/26/17 6:39 AM
54.0;54.28;10/26/17 6:40 AM
54.0;54.31;10/26/17 6:40 AM
54.0;54.39;10/26/17 6:40 AM
54.0;54.39;10/26/17 6:40 AM
54.0;54.39;10/26/17 6:41 AM
54.0;54.43;10/26/17 6:41 AM
54.0;54.5;10/26/17 6:41 AM
54.0;54.5;10/26/17 6:41 AM
54.0;54.5;10/26/17 6:42 AM
54.0;54.511;10/26/17 6:42 AM
54.0;54.566;10/26/17 6:42 AM
54.0;54.61;10/26/17 6:42 AM
54.0;54.632;10/26/17 6:43 AM
54.0;54.676;10/26/17 6:43 AM
54.0;54.72;10/26/17 6:43 AM
54.0;54.72;10/26/17 6:43 AM
54.0;54.621;10/26/17 6:44 AM
54.0;54.47;10/26/17 6:44 AM
54.0;54.312;10/26/17 6:44 AM
54.0;53.9764;10/26/17 6:44 AM
54.0;53.444;10/26/17 6:45 AM
54.0;53.0682;10/26/17 6:45 AM
54.0;52.7122;10/26/17 6:45 AM
54.0;52.4409;10/26/17 6:45 AM
54.0;52.25;10/26/17 6:46 AM
54.0;52.14;10/26/17 6:46 AM
54.0;52.17;10/26/17 6:46 AM
54.0;52.272;10/26/17 6:46 AM
54.0;52.382;10/26/17 6:47 AM
54.0;52.541;10/26/17 6:47 AM
54.0;52.79;10/26/17 6:47 AM
54.0;53.083;10/26/17 6:47 AM
54.0;53.297;10/26/17 6:48 AM
54.0;53.47;10/26/17 6:48 AM
54.0;53.611;10/26/17 6:48 AM
54.0;53.76;10/26/17 6:48 AM
54.0;53.868;10/26/17 6:49 AM
54.0;53.95;10/26/17 6:49 AM
54.0;54.05;10/26/17 6:49 AM
54.0;54.07;10/26/17 6:49 AM
54.0;54.16;10/26/17 6:50 AM
54.0;54.2691;10/26/17 6:50 AM
54.0;54.28;10/26/17 6:50 AM
54.0;54.32;10/26/17 6:50 AM
54.0;54.39;10/26/17 6:51 AM
54.0;54.39;10/26/17 6:51 AM
54.0;54.39;10/26/17 6:51 AM
54.0;54.5;10/26/17 6:51 AM
54.0;54.5;10/26/17 6:52 AM
54.0;54.5;10/26/17 6:52 AM
54.0;54.522;10/26/17 6:52 AM
54.0;54.6;10/26/17 6:52 AM
54.0;54.61;10/26/17 6:53 AM
54.0;54.61;10/26/17 6:53 AM
54.0;54.61;10/26/17 6:53 AM
54.0;54.71;10/26/17 6:54 AM
54.0;54.72;10/26/17 6:54 AM
54.0;54.72;10/26/17 6:54 AM
54.0;54.66;10/26/17 6:54 AM
54.0;54.61;10/26/17 6:55 AM
54.0;54.51;10/26/17 6:55 AM
54.0;54.357;10/26/17 6:55 AM
54.0;54.1527;10/26/17 6:55 AM
54.0;53.892;10/26/17 6:56 AM
54.0;53.7;10/26/17 6:56 AM
54.0;53.567;10/26/17 6:56 AM
54.0;53.49;10/26/17 6:56 AM
54.0;53.49;10/26/17 6:57 AM
54.0;53.4;10/26/17 6:57 AM
54.0;53.435;10/26/17 6:57 AM
54.0;53.446;10/26/17 6:57 AM
54.0;53.52;10/26/17 6:58 AM
54.0;53.666;10/26/17 6:58 AM
54.0;53.8218;10/26/17 6:58 AM
54.0;53.973;10/26/17 6:58 AM
54.0;54.1;10/26/17 6:59 AM
54.0;54.244;10/26/17 6:59 AM
54.0;54.35;10/26/17 6:59 AM
54.0;54.401;10/26/17 6:59 AM
54.0;54.5;10/26/17 7:00 AM
54.0;54.522;10/26/17 7:00 AM
54.0;54.61;10/26/17 7:00 AM
54.0;54.61;10/26/17 7:00 AM
54.0;54.61;10/26/17 7:01 AM
54.0;54.7;10/26/17 7:01 AM
54.0;54.72;10/26/17 7:01 AM
54.0;54.687;10/26/17 7:01 AM
54.0;54.52;10/26/17 7:02 AM
54.0;54.456;10/26/17 7:02 AM
54.0;54.3182;10/26/17 7:02 AM
54.0;53.948;10/26/17 7:02 AM
54.0;53.5682;10/26/17 7:03 AM
54.0;52.98;10/26/17 7:03 AM
54.0;52.655;10/26/17 7:03 AM
54.0;52.294;10/26/17 7:03 AM
54.0;52.12;10/26/17 7:04 AM
54.0;52.03;10/26/17 7:04 AM
54.0;52.006;10/26/17 7:04 AM
54.0;52.052;10/26/17 7:04 AM
54.0;52.27;10/26/17 7:05 AM
54.0;52.461;10/26/17 7:05 AM
54.0;52.689;10/26/17 7:05 AM
54.0;52.9445;10/26/17 7:05 AM
54.0;53.217;10/26/17 7:06 AM
54.0;53.435;10/26/17 7:06 AM
54.0;53.567;10/26/17 7:06 AM
54.0;53.73;10/26/17 7:06 AM
54.0;53.832;10/26/17 7:07 AM
54.0;53.94;10/26/17 7:07 AM
54.0;54.017;10/26/17 7:07 AM
54.0;54.08;10/26/17 7:07 AM
54.0;54.15;10/26/17 7:08 AM
54.0;54.172;10/26/17 7:08 AM
54.0;54.28;10/26/17 7:08 AM
54.0;54.39;10/26/17 7:08 AM
54.0;54.39;10/26/17 7:09 AM
54.0;54.39;10/26/17 7:09 AM
54.0;54.4;10/26/17 7:09 AM
54.0;54.478;10/26/17 7:09 AM
54.0;54.5;10/26/17 7:10 AM
54.0;54.5;10/26/17 7:10 AM
54.0;54.5;10/26/17 7:10 AM
54.0;54.5;10/26/17 7:10 AM
54.0;54.52;10/26/17 7:11 AM
54.0;54.61;10/26/17 7:11 AM
54.0;54.61;10/26/17 7:11 AM
54.0;54.61;10/26/17 7:11 AM
54.0;54.632;10/26/17 7:12 AM
54.0;54.698;10/26/17 7:12 AM
54.0;54.72;10/26/17 7:12 AM
54.0;54.687;10/26/17 7:12 AM
54.0;54.555;10/26/17 7:13 AM
54.0;54.45;10/26/17 7:13 AM
54.0;54.1736;10/26/17 7:13 AM
54.0;53.926;10/26/17 7:13 AM
54.0;53.488;10/26/17 7:14 AM
54.0;52.9645;10/26/17 7:14 AM
54.0;52.599;10/26/17 7:14 AM
54.0;52.316;10/26/17 7:14 AM
54.0;52.107;10/26/17 7:15 AM
54.0;52.03;10/26/17 7:15 AM
54.0;51.958;10/26/17 7:15 AM
54.0;51.982;10/26/17 7:15 AM
54.0;52.261;10/26/17 7:16 AM
54.0;52.5255;10/26/17 7:16 AM
54.0;52.766;10/26/17 7:16 AM
54.0;52.968;10/26/17 7:16 AM
54.0;53.21;10/26/17 7:17 AM
54.0;53.401;10/26/17 7:17 AM
54.0;53.534;10/26/17 7:17 AM
54.0;53.67;10/26/17 7:17 AM
54.0;53.787;10/26/17 7:18 AM
54.0;53.8636;10/26/17 7:18 AM
54.0;53.973;10/26/17 7:18 AM
54.0;54.05;10/26/17 7:18 AM
54.0;54.094;10/26/17 7:19 AM
54.0;54.16;10/26/17 7:19 AM
54.0;54.16;10/26/17 7:19 AM
54.0;54.2582;10/26/17 7:19 AM
54.0;54.28;10/26/17 7:20 AM
54.0;54.28;10/26/17 7:20 AM
54.0;54.379;10/26/17 7:20 AM
54.0;54.39;10/26/17 7:20 AM
54.0;54.43;10/26/17 7:21 AM
54.0;54.456;10/26/17 7:21 AM
54.0;54.5;10/26/17 7:21 AM
54.0;54.5;10/26/17 7:21 AM
54.0;54.5;10/26/17 7:22 AM
54.0;54.511;10/26/17 7:22 AM
54.0;54.6;10/26/17 7:22 AM
54.0;54.61;10/26/17 7:22 AM
54.0;54.61;10/26/17 7:23 AM
54.0;54.61;10/26/17 7:23 AM
54.0;54.67;10/26/17 7:23 AM
54.0;54.72;10/26/17 7:23 AM
54.0;54.72;10/26/17 7:24 AM
54.0;54.58;10/26/17 7:24 AM
54.0;54.456;10/26/17 7:24 AM
54.0;54.3491;10/26/17 7:24 AM
54.0;54.028;10/26/17 7:25 AM
54.0;53.72;10/26/17 7:25 AM
54.0;53.308;10/26/17 7:25 AM
54.0;52.845;10/26/17 7:25 AM
54.0;52.5664;10/26/17 7:26 AM
54.0;52.294;10/26/17 7:26 AM
54.0;52.118;10/26/17 7:26 AM
54.0;51.97;10/26/17 7:26 AM
54.0;51.9318;10/26/17 7:27 AM
54.0;52.096;10/26/17 7:27 AM
54.0;52.25;10/26/17 7:27 AM
54.0;52.5036;10/26/17 7:27 AM
54.0;52.81;10/26/17 7:28 AM
54.0;53.049;10/26/17 7:28 AM
54.0;53.251;10/26/17 7:28 AM
54.0;53.44;10/26/17 7:28 AM
54.0;53.589;10/26/17 7:29 AM
54.0;53.76;10/26/17 7:29 AM
54.0;53.832;10/26/17 7:29 AM
54.0;53.94;10/26/17 7:29 AM
54.0;54.0;10/26/17 7:30 AM
54.0;54.05;10/26/17 7:30 AM
54.0;54.11;10/26/17 7:30 AM
54.0;54.16;10/26/17 7:30 AM
54.0;54.16;10/26/17 7:31 AM
54.0;54.2582;10/26/17 7:31 AM
54.0;54.28;10/26/17 7:31 AM
54.0;54.28;10/26/17 7:31 AM
54.0;54.28;10/26/17 7:32 AM
54.0;54.38;10/26/17 7:32 AM
54.0;54.39;10/26/17 7:32 AM
54.0;54.39;10/26/17 7:32 AM
54.0;54.467;10/26/17 7:33 AM
54.0;54.49;10/26/17 7:33 AM
54.0;54.5;10/26/17 7:33 AM
54.0;54.5;10/26/17 7:33 AM
54.0;54.511;10/26/17 7:34 AM
54.0;54.59;10/26/17 7:34 AM
54.0;54.61;10/26/17 7:34 AM
54.0;54.61;10/26/17 7:34 AM
54.0;54.61;10/26/17 7:35 AM
54.0;54.621;10/26/17 7:35 AM
54.0;54.687;10/26/17 7:35 AM
54.0;54.72;10/26/17 7:35 AM
54.0;54.698;10/26/17 7:36 AM
54.0;54.5978;10/26/17 7:36 AM
54.0;54.44;10/26/17 7:36 AM
54.0;54.2364;10/26/17 7:36 AM
54.0;53.891;10/26/17 7:37 AM
54.0;53.354;10/26/17 7:37 AM
54.0;52.957;10/26/17 7:37 AM
54.0;52.6064;10/26/17 7:37 AM
54.0;52.272;10/26/17 7:38 AM
54.0;52.184;10/26/17 7:38 AM
54.0;52.07;10/26/17 7:38 AM
54.0;52.03;10/26/17 7:38 AM
54.0;52.074;10/26/17 7:39 AM
54.0;52.206;10/26/17 7:39 AM
54.0;52.4627;10/26/17 7:39 AM
54.0;52.744;10/26/17 7:39 AM
54.0;52.968;10/26/17 7:40 AM
54.0;53.2;10/26/17 7:40 AM
54.0;53.401;10/26/17 7:40 AM
54.0;53.556;10/26/17 7:40 AM
54.0;53.68;10/26/17 7:41 AM
54.0;53.798;10/26/17 7:41 AM
54.0;53.8745;10/26/17 7:41 AM
54.0;53.94;10/26/17 7:41 AM
54.0;53.98;10/26/17 7:42 AM
54.0;54.05;10/26/17 7:42 AM
54.0;54.1;10/26/17 7:42 AM
54.0;54.16;10/26/17 7:42 AM
54.0;54.28;10/26/17 7:43 AM
54.0;54.28;10/26/17 7:43 AM
54.0;54.29;10/26/17 7:43 AM
54.0;54.313;10/26/17 7:43 AM
54.0;54.38;10/26/17 7:44 AM
54.0;54.39;10/26/17 7:44 AM
54.0;54.4;10/26/17 7:44 AM
54.0;54.46;10/26/17 7:44 AM
54.0;54.5;10/26/17 7:45 AM
54.0;54.5;10/26/17 7:45 AM
54.0;54.5;10/26/17 7:45 AM
54.0;54.52;10/26/17 7:45 AM
54.0;54.577;10/26/17 7:46 AM
54.0;54.61;10/26/17 7:46 AM
54.0;54.61;10/26/17 7:46 AM
54.0;54.61;10/26/17 7:46 AM
54.0;54.61;10/26/17 7:47 AM
54.0;54.62;10/26/17 7:47 AM
54.0;54.709;10/26/17 7:47 AM
54.0;54.72;10/26/17 7:47 AM
54.0;54.7;10/26/17 7:48 AM
54.0;54.522;10/26/17 7:48 AM
54.0;54.423;10/26/17 7:48 AM
54.0;54.2664;10/26/17 7:48 AM
54.0;54.039;10/26/17 7:49 AM
54.0;53.71;10/26/17 7:49 AM
54.0;53.162;10/26/17 7:49 AM
54.0;52.744;10/26/17 7:49 AM
54.0;52.4527;10/26/17 7:50 AM
54.0;52.272;10/26/17 7:50 AM
54.0;52.151;10/26/17 7:50 AM
54.0;52.03;10/26/17 7:50 AM
54.0;52.03;10/26/17 7:51 AM
54.0;52.228;10/26/17 7:51 AM
54.0;52.426;10/26/17 7:51 AM
54.0;52.69;10/26/17 7:51 AM
54.0;52.957;10/26/17 7:52 AM
54.0;53.172;10/26/17 7:52 AM
54.0;53.344;10/26/17 7:52 AM
54.0;53.54;10/26/17 7:52 AM
54.0;53.644;10/26/17 7:53 AM
54.0;53.78;10/26/17 7:53 AM
54.0;53.856;10/26/17 7:53 AM
54.0;53.95;10/26/17 7:53 AM
54.0;54.05;10/26/17 7:54 AM
54.0;54.05;10/26/17 7:54 AM
54.0;54.127;10/26/17 7:54 AM
54.0;54.16;10/26/17 7:54 AM
54.0;54.1709;10/26/17 7:55 AM
54.0;54.28;10/26/17 7:55 AM
54.0;54.28;10/26/17 7:55 AM
54.0;54.335;10/26/17 7:55 AM
54.0;54.39;10/26/17 7:56 AM
54.0;54.39;10/26/17 7:56 AM
54.0;54.39;10/26/17 7:56 AM
54.0;54.423;10/26/17 7:56 AM
54.0;54.5;10/26/17 7:57 AM
54.0;54.5;10/26/17 7:57 AM
54.0;54.5;10/26/17 7:57 AM
54.0;54.5;10/26/17 7:57 AM
54.0;54.53;10/26/17 7:58 AM
54.0;54.61;10/26/17 7:58 AM
54.0;54.61;10/26/17 7:58 AM
54.0;54.61;10/26/17 7:58 AM
54.0;54.61;10/26/17 7:59 AM
54.0;54.61;10/26/17 7:59 AM
54.0;54.62;10/26/17 7:59 AM
54.0;54.709;10/26/17 7:59 AM
54.0;54.72;10/26/17 8:00 AM
54.0;54.65;10/26/17 8:00 AM
54.0;54.555;10/26/17 8:00 AM
54.0;54.467;10/26/17 8:00 AM
54.0;54.2564;10/26/17 8:01 AM
54.0;53.9682;10/26/17 8:01 AM
54.0;53.544;10/26/17 8:01 AM
54.0;53.047;10/26/17 8:01 AM
54.0;52.67;10/26/17 8:02 AM
54.0;52.382;10/26/17 8:02 AM
54.0;52.173;10/26/17 8:02 AM
54.0;52.118;10/26/17 8:02 AM
54.0;52.03;10/26/17 8:03 AM
54.0;52.03;10/26/17 8:03 AM
54.0;52.184;10/26/17 8:03 AM
54.0;52.382;10/26/17 8:03 AM
54.0;52.6491;10/26/17 8:04 AM
54.0;52.911;10/26/17 8:04 AM
54.0;53.15;10/26/17 8:04 AM
54.0;53.3364;10/26/17 8:04 AM
54.0;53.534;10/26/17 8:05 AM
54.0;53.644;10/26/17 8:05 AM
54.0;53.76;10/26/17 8:05 AM
54.0;53.832;10/26/17 8:05 AM
54.0;53.94;10/26/17 8:06 AM
54.0;53.973;10/26/17 8:06 AM
54.0;54.05;10/26/17 8:06 AM
54.0;54.1;10/26/17 8:06 AM
54.0;54.16;10/26/17 8:07 AM
54.0;54.172;10/26/17 8:07 AM
54.0;54.28;10/26/17 8:07 AM
54.0;54.28;10/26/17 8:07 AM
54.0;54.28;10/26/17 8:08 AM
54.0;54.3;10/26/17 8:08 AM
54.0;54.379;10/26/17 8:08 AM
54.0;54.39;10/26/17 8:08 AM
54.0;54.39;10/26/17 8:09 AM
54.0;54.39;10/26/17 8:09 AM
54.0;54.456;10/26/17 8:09 AM
54.0;54.5;10/26/17 8:09 AM
54.0;54.5;10/26/17 8:10 AM
54.0;54.5;10/26/17 8:10 AM
54.0;54.5;10/26/17 8:10 AM
54.0;54.56;10/26/17 8:10 AM
54.0;54.61;10/26/17 8:11 AM
54.0;54.61;10/26/17 8:11 AM
54.0;54.61;10/26/17 8:11 AM
54.0;54.621;10/26/17 8:11 AM
54.0;54.698;10/26/17 8:12 AM
54.0;54.72;10/26/17 8:12 AM
54.0;54.709;10/26/17 8:12 AM
54.0;54.577;10/26/17 8:12 AM
54.0;54.48;10/26/17 8:13 AM
54.0;54.335;10/26/17 8:13 AM
54.0;54.07;10/26/17 8:13 AM
54.0;53.567;10/26/17 8:13 AM
54.0;53.0773;10/26/17 8:14 AM
54.0;52.676;10/26/17 8:14 AM
54.0;52.294;10/26/17 8:14 AM
54.0;52.14;10/26/17 8:14 AM
54.0;51.9536;10/26/17 8:15 AM
54.0;51.91;10/26/17 8:15 AM
54.0;51.922;10/26/17 8:15 AM
54.0;52.096;10/26/17 8:15 AM
54.0;52.33;10/26/17 8:16 AM
54.0;52.587;10/26/17 8:16 AM
54.0;52.821;10/26/17 8:16 AM
54.0;53.084;10/26/17 8:16 AM
54.0;53.2827;10/26/17 8:17 AM
54.0;53.457;10/26/17 8:17 AM
54.0;53.6;10/26/17 8:17 AM
54.0;53.699;10/26/17 8:17 AM
54.0;53.809;10/26/17 8:18 AM
54.0;53.8964;10/26/17 8:18 AM
54.0;53.95;10/26/17 8:18 AM
54.0;54.05;10/26/17 8:18 AM
54.0;54.05;10/26/17 8:19 AM
54.0;54.116;10/26/17 8:19 AM
54.0;54.16;10/26/17 8:19 AM
54.0;54.16;10/26/17 8:19 AM
54.0;54.1818;10/26/17 8:20 AM
54.0;54.28;10/26/17 8:20 AM
54.0;54.29;10/26/17 8:20 AM
54.0;54.346;10/26/17 8:20 AM
54.0;54.39;10/26/17 8:21 AM
54.0;54.39;10/26/17 8:21 AM
54.0;54.4;10/26/17 8:21 AM
54.0;54.5;10/26/17 8:21 AM
54.0;54.5;10/26/17 8:22 AM
54.0;54.5;10/26/17 8:22 AM
54.0;54.511;10/26/17 8:22 AM
54.0;54.599;10/26/17 8:22 AM
54.0;54.61;10/26/17 8:23 AM
54.0;54.61;10/26/17 8:23 AM
54.0;54.61;10/26/17 8:23 AM
54.0;54.61;10/26/17 8:23 AM
54.0;54.632;10/26/17 8:24 AM
54.0;54.709;10/26/17 8:24 AM
54.0;54.72;10/26/17 8:24 AM
54.0;54.67;10/26/17 8:24 AM
54.0;54.555;10/26/17 8:25 AM
54.0;54.42;10/26/17 8:25 AM
54.0;54.221;10/26/17 8:25 AM
54.0;53.8545;10/26/17 8:25 AM
54.0;53.444;10/26/17 8:26 AM
54.0;53.036;10/26/17 8:26 AM
54.0;52.5655;10/26/17 8:26 AM
54.0;52.283;10/26/17 8:26 AM
54.0;52.162;10/26/17 8:27 AM
54.0;52.052;10/26/17 8:27 AM
54.0;52.03;10/26/17 8:27 AM
54.0;52.074;10/26/17 8:27 AM
54.0;52.272;10/26/17 8:28 AM
54.0;52.5036;10/26/17 8:28 AM
54.0;52.733;10/26/17 8:28 AM
54.0;52.957;10/26/17 8:28 AM
54.0;53.183;10/26/17 8:29 AM
54.0;53.401;10/26/17 8:29 AM
54.0;53.56;10/26/17 8:29 AM
54.0;53.699;10/26/17 8:29 AM
54.0;53.81;10/26/17 8:30 AM
54.0;53.928;10/26/17 8:30 AM
54.0;53.96;10/26/17 8:30 AM
54.0;54.05;10/26/17 8:30 AM
54.0;54.1;10/26/17 8:31 AM
54.0;54.16;10/26/17 8:31 AM
54.0;54.16;10/26/17 8:31 AM
54.0;54.16;10/26/17 8:31 AM
54.0;54.244;10/26/17 8:32 AM
54.0;54.28;10/26/17 8:32 AM
54.0;54.28;10/26/17 8:32 AM
54.0;54.29;10/26/17 8:32 AM
54.0;54.379;10/26/17 8:33 AM
54.0;54.39;10/26/17 8:33 AM
54.0;54.39;10/26/17 8:33 AM
54.0;54.43;10/26/17 8:33 AM
54.0;54.445;10/26/17 8:34 AM
54.0;54.5;10/26/17 8:34 AM
54.0;54.5;10/26/17 8:34 AM
54.0;54.5;10/26/17 8:34 AM
54.0;54.5;10/26/17 8:35 AM
54.0;54.566;10/26/17 8:35 AM
54.0;54.588;10/26/17 8:35 AM
54.0;54.61;10/26/17 8:35 AM
54.0;54.61;10/26/17 8:36 AM
54.0;54.61;10/26/17 8:36 AM
54.0;54.61;10/26/17 8:36 AM
54.0;54.68;10/26/17 8:36 AM
54.0;54.72;10/26/17 8:37 AM
54.0;54.72;10/26/17 8:37 AM
54.0;54.59;10/26/17 8:37 AM
54.0;54.467;10/26/17 8:37 AM
54.0;54.2873;10/26/17 8:38 AM
54.0;53.914;10/26/17 8:38 AM
54.0;53.59;10/26/17 8:38 AM
54.0;53.082;10/26/17 8:38 AM
54.0;52.621;10/26/17 8:39 AM
54.0;52.35;10/26/17 8:39 AM
54.0;52.162;10/26/17 8:39 AM
54.0;52.052;10/26/17 8:39 AM
54.0;51.97;10/26/17 8:40 AM
54.0;51.958;10/26/17 8:40 AM
54.0;52.1;10/26/17 8:40 AM
54.0;52.349;10/26/17 8:40 AM
54.0;52.609;10/26/17 8:41 AM
54.0;52.9127;10/26/17 8:41 AM
54.0;53.15;10/26/17 8:41 AM
54.0;53.366;10/26/17 8:41 AM
54.0;53.57;10/26/17 8:42 AM
54.0;53.677;10/26/17 8:42 AM
54.0;53.78;10/26/17 8:42 AM
54.0;53.856;10/26/17 8:42 AM
54.0;53.97;10/26/17 8:43 AM
54.0;54.05;10/26/17 8:43 AM
54.0;54.07;10/26/17 8:43 AM
54.0;54.149;10/26/17 8:43 AM
54.0;54.16;10/26/17 8:44 AM
54.0;54.16;10/26/17 8:44 AM
54.0;54.2473;10/26/17 8:44 AM
54.0;54.28;10/26/17 8:44 AM
54.0;54.28;10/26/17 8:45 AM
54.0;54.28;10/26/17 8:45 AM
54.0;54.31;10/26/17 8:45 AM
54.0;54.368;10/26/17 8:45 AM
54.0;54.39;10/26/17 8:46 AM
54.0;54.39;10/26/17 8:46 AM
54.0;54.44;10/26/17 8:46 AM
54.0;54.5;10/26/17 8:46 AM
54.0;54.5;10/26/17 8:47 AM
54.0;54.57;10/26/17 8:47 AM
54.0;54.588;10/26/17 8:47 AM
54.0;54.61;10/26/17 8:47 AM
54.0;54.61;10/26/17 8:48 AM
54.0;54.61;10/26/17 8:48 AM
54.0;54.61;10/26/17 8:48 AM
54.0;54.61;10/26/17 8:48 AM
54.0;54.61;10/26/17 8:49 AM
54.0;54.654;10/26/17 8:49 AM
54.0;54.72;10/26/17 8:49 AM
54.0;54.72;10/26/17 8:49 AM
54.0;54.621;10/26/17 8:50 AM
54.0;54.489;10/26/17 8:50 AM
54.0;54.36;10/26/17 8:50 AM
54.0;54.073;10/26/17 8:50 AM
54.0;53.8027;10/26/17 8:51 AM
54.0;53.342;10/26/17 8:51 AM
54.0;52.935;10/26/17 8:51 AM
54.0;52.5655;10/26/17 8:51 AM
54.0;52.338;10/26/17 8:52 AM
54.0;52.195;10/26/17 8:52 AM
54.0;52.063;10/26/17 8:52 AM
54.0;52.0191;10/26/17 8:52 AM
54.0;52.085;10/26/17 8:53 AM
54.0;52.272;10/26/17 8:53 AM
54.0;52.5864;10/26/17 8:53 AM
54.0;52.821;10/26/17 8:53 AM
54.0;53.072;10/26/17 8:54 AM
54.0;53.285;10/26/17 8:54 AM
54.0;53.446;10/26/17 8:54 AM
54.0;53.58;10/26/17 8:54 AM
54.0;53.73;10/26/17 8:55 AM
54.0;53.82;10/26/17 8:55 AM
54.0;53.904;10/26/17 8:55 AM
54.0;54.0;10/26/17 8:55 AM
54.0;54.05;10/26/17 8:56 AM
54.0;54.083;10/26/17 8:56 AM
54.0;54.16;10/26/17 8:56 AM
54.0;54.16;10/26/17 8:56 AM
54.0;54.2036;10/26/17 8:57 AM
54.0;54.28;10/26/17 8:57 AM
54.0;54.28;10/26/17 8:57 AM
54.0;54.28;10/26/17 8:57 AM
54.0;54.3;10/26/17 8:58 AM
54.0;54.379;10/26/17 8:58 AM
54.0;54.39;10/26/17 8:58 AM
54.0;54.39;10/26/17 8:58 AM
54.0;54.42;10/26/17 8:59 AM
54.0;54.5;10/26/17 8:59 AM
54.0;54.5;10/26/17 8:59 AM
54.0;54.5;10/26/17 8:59 AM
54.0;54.5;10/26/17 9:00 AM
54.0;0.0;10/26/17 9:00 AM
54.0;54.61;10/26/17 9:00 AM
54.0;54.61;10/26/17 9:01 AM
54.0;54.621;10/26/17 9:01 AM
54.0;54.698;10/26/17 9:01 AM
54.0;54.72;10/26/17 9:01 AM
54.0;54.68;10/26/17 9:02 AM
54.0;54.533;10/26/17 9:02 AM
54.0;54.41;10/26/17 9:02 AM
54.0;54.254;10/26/17 9:02 AM
54.0;53.8545;10/26/17 9:03 AM
54.0;53.354;10/26/17 9:03 AM
54.0;52.867;10/26/17 9:03 AM
54.0;52.565;10/26/17 9:03 AM
54.0;52.26;10/26/17 9:04 AM
54.0;52.063;10/26/17 9:04 AM
54.0;51.946;10/26/17 9:04 AM
54.0;51.91;10/26/17 9:04 AM
54.0;51.9427;10/26/17 9:05 AM
54.0;52.118;10/26/17 9:05 AM
54.0;52.393;10/26/17 9:05 AM
54.0;52.67;10/26/17 9:05 AM
54.0;53.003;10/26/17 9:06 AM
54.0;53.216;10/26/17 9:06 AM
54.0;53.379;10/26/17 9:06 AM
54.0;53.53;10/26/17 9:06 AM
54.0;53.677;10/26/17 9:07 AM
54.0;53.77;10/26/17 9:07 AM
54.0;53.82;10/26/17 9:07 AM
54.0;53.9182;10/26/17 9:07 AM
54.0;53.94;10/26/17 9:08 AM
54.0;54.03;10/26/17 9:08 AM
54.0;54.05;10/26/17 9:08 AM
54.0;54.08;10/26/17 9:08 AM
54.0;54.138;10/26/17 9:09 AM
54.0;54.16;10/26/17 9:09 AM
54.0;54.16;10/26/17 9:09 AM
54.0;54.2582;10/26/17 9:09 AM
54.0;54.28;10/26/17 9:10 AM
54.0;54.28;10/26/17 9:10 AM
54.0;54.28;10/26/17 9:10 AM
54.0;54.291;10/26/17 9:10 AM
54.0;54.357;10/26/17 9:11 AM
54.0;54.39;10/26/17 9:11 AM
54.0;54.39;10/26/17 9:11 AM
54.0;54.423;10/26/17 9:11 AM
54.0;54.48;10/26/17 9:12 AM
54.0;54.5;10/26/17 9:12 AM
54.0;54.5;10/26/17 9:12 AM
54.0;54.5;10/26/17 9:12 AM
54.0;54.5;10/26/17 9:13 AM
54.0;54.522;10/26/17 9:13 AM
54.0;54.59;10/26/17 9:13 AM
54.0;54.61;10/26/17 9:13 AM
54.0;54.61;10/26/17 9:14 AM
54.0;54.63;10/26/17 9:14 AM
54.0;54.621;10/26/17 9:14 AM
54.0;54.632;10/26/17 9:14 AM
54.0;54.61;10/26/17 9:15 AM
54.0;54.478;10/26/17 9:15 AM
54.0;54.36;10/26/17 9:15 AM
54.0;54.107;10/26/17 9:15 AM
54.0;53.7618;10/26/17 9:16 AM
54.0;53.331;10/26/17 9:16 AM
54.0;52.801;10/26/17 9:16 AM
54.0;52.4618;10/26/17 9:16 AM
54.0;52.305;10/26/17 9:17 AM
54.0;52.085;10/26/17 9:17 AM
54.0;51.889;10/26/17 9:17 AM
54.0;51.82;10/26/17 9:17 AM
54.0;51.922;10/26/17 9:18 AM
54.0;52.107;10/26/17 9:18 AM
54.0;52.316;10/26/17 9:18 AM
54.0;52.6073;10/26/17 9:18 AM
54.0;52.865;10/26/17 9:19 AM
54.0;53.095;10/26/17 9:19 AM
54.0;53.25;10/26/17 9:19 AM
54.0;53.43;10/26/17 9:19 AM
54.0;53.556;10/26/17 9:20 AM
54.0;53.666;10/26/17 9:20 AM
54.0;53.77;10/26/17 9:20 AM
54.0;53.82;10/26/17 9:20 AM
54.0;53.892;10/26/17 9:21 AM
54.0;53.94;10/26/17 9:21 AM
54.0;53.995;10/26/17 9:21 AM
54.0;54.05;10/26/17 9:21 AM
54.0;54.094;10/26/17 9:22 AM
54.0;54.16;10/26/17 9:22 AM
54.0;54.16;10/26/17 9:22 AM
54.0;54.1709;10/26/17 9:22 AM
54.0;54.22;10/26/17 9:23 AM
54.0;54.28;10/26/17 9:23 AM
54.0;54.28;10/26/17 9:23 AM
54.0;54.28;10/26/17 9:23 AM
54.0;54.29;10/26/17 9:24 AM
54.0;54.39;10/26/17 9:24 AM
54.0;54.39;10/26/17 9:24 AM
54.0;54.39;10/26/17 9:24 AM
54.0;54.41;10/26/17 9:25 AM
54.0;54.5;10/26/17 9:25 AM
54.0;54.5;10/26/17 9:25 AM
54.0;54.5;10/26/17 9:25 AM
54.0;54.5;10/26/17 9:26 AM
54.0;54.5;10/26/17 9:26 AM
54.0;54.53;10/26/17 9:26 AM
54.0;54.599;10/26/17 9:26 AM
54.0;54.61;10/26/17 9:27 AM
54.0;54.61;10/26/17 9:27 AM
54.0;54.61;10/26/17 9:27 AM
54.0;54.61;10/26/17 9:27 AM
54.0;54.69;10/26/17 9:28 AM
54.0;54.72;10/26/17 9:28 AM
54.0;54.72;10/26/17 9:28 AM
54.0;54.63;10/26/17 9:28 AM
54.0;54.445;10/26/17 9:29 AM
54.0;54.34;10/26/17 9:29 AM
54.0;54.084;10/26/17 9:29 AM
54.0;53.65;10/26/17 9:29 AM
54.0;53.218;10/26/17 9:30 AM
54.0;52.856;10/26/17 9:30 AM
54.0;52.484;10/26/17 9:30 AM
54.0;52.26;10/26/17 9:30 AM
54.0;52.118;10/26/17 9:31 AM
54.0;51.934;10/26/17 9:31 AM
54.0;52.03;10/26/17 9:31 AM
54.0;52.15;10/26/17 9:31 AM
54.0;52.36;10/26/17 9:32 AM
54.0;52.61;10/26/17 9:32 AM
54.0;52.865;10/26/17 9:32 AM
54.0;53.0891;10/26/17 9:32 AM
54.0;53.308;10/26/17 9:33 AM
54.0;53.446;10/26/17 9:33 AM
54.0;53.61;10/26/17 9:33 AM
54.0;53.732;10/26/17 9:33 AM
54.0;53.8309;10/26/17 9:34 AM
54.0;53.928;10/26/17 9:34 AM
54.0;53.94;10/26/17 9:34 AM
54.0;54.05;10/26/17 9:34 AM
54.0;54.12;10/26/17 9:35 AM
54.0;54.16;10/26/17 9:35 AM
54.0;54.16;10/26/17 9:35 AM
54.0;54.172;10/26/17 9:35 AM
54.0;54.2691;10/26/17 9:36 AM
54.0;54.28;10/26/17 9:36 AM
54.0;54.28;10/26/17 9:36 AM
54.0;54.34;10/26/17 9:36 AM
54.0;54.39;10/26/17 9:37 AM
54.0;54.39;10/26/17 9:37 AM
54.0;54.39;10/26/17 9:37 AM
54.0;54.43;10/26/17 9:37 AM
54.0;54.5;10/26/17 9:38 AM
54.0;54.5;10/26/17 9:38 AM
54.0;54.5;10/26/17 9:38 AM
54.0;54.52;10/26/17 9:38 AM
54.0;54.599;10/26/17 9:39 AM
54.0;54.59;10/26/17 9:39 AM
54.0;54.61;10/26/17 9:39 AM
54.0;54.61;10/26/17 9:39 AM
54.0;54.61;10/26/17 9:40 AM
54.0;54.61;10/26/17 9:40 AM
54.0;54.61;10/26/17 9:40 AM
54.0;54.698;10/26/17 9:40 AM
54.0;54.72;10/26/17 9:41 AM
54.0;54.687;10/26/17 9:41 AM
54.0;54.577;10/26/17 9:41 AM
54.0;54.44;10/26/17 9:41 AM
54.0;54.268;10/26/17 9:42 AM
54.0;54.0282;10/26/17 9:42 AM
54.0;53.589;10/26/17 9:42 AM
54.0;53.116;10/26/17 9:42 AM
54.0;52.6473;10/26/17 9:43 AM
54.0;52.349;10/26/17 9:43 AM
54.0;52.074;10/26/17 9:43 AM
54.0;51.9536;10/26/17 9:43 AM
54.0;51.91;10/26/17 9:44 AM
54.0;51.91;10/26/17 9:44 AM
54.0;52.016;10/26/17 9:44 AM
54.0;52.29;10/26/17 9:44 AM
54.0;52.587;10/26/17 9:45 AM
54.0;52.81;10/26/17 9:45 AM
54.0;53.004;10/26/17 9:45 AM
54.0;53.22;10/26/17 9:45 AM
54.0;53.424;10/26/17 9:46 AM
54.0;53.545;10/26/17 9:46 AM
54.0;53.67;10/26/17 9:46 AM
54.0;53.765;10/26/17 9:46 AM
54.0;53.8527;10/26/17 9:47 AM
54.0;53.94;10/26/17 9:47 AM
54.0;54.01;10/26/17 9:47 AM
54.0;54.05;10/26/17 9:47 AM
54.0;54.05;10/26/17 9:48 AM
54.0;54.116;10/26/17 9:48 AM
54.0;54.16;10/26/17 9:48 AM
54.0;54.16;10/26/17 9:48 AM
54.0;54.172;10/26/17 9:49 AM
54.0;54.2364;10/26/17 9:49 AM
54.0;54.28;10/26/17 9:49 AM
54.0;54.28;10/26/17 9:49 AM
54.0;54.357;10/26/17 9:50 AM
54.0;54.39;10/26/17 9:50 AM
54.0;54.39;10/26/17 9:50 AM
54.0;54.39;10/26/17 9:50 AM
54.0;54.43;10/26/17 9:51 AM
54.0;54.478;10/26/17 9:51 AM
54.0;54.5;10/26/17 9:51 AM
54.0;54.5;10/26/17 9:51 AM
54.0;54.5;10/26/17 9:52 AM
54.0;54.5;10/26/17 9:52 AM
54.0;54.55;10/26/17 9:52 AM
54.0;54.61;10/26/17 9:52 AM
54.0;54.61;10/26/17 9:53 AM
54.0;54.61;10/26/17 9:53 AM
54.0;54.61;10/26/17 9:53 AM
54.0;54.61;10/26/17 9:53 AM
54.0;54.643;10/26/17 9:54 AM
54.0;54.72;10/26/17 9:54 AM
54.0;54.72;10/26/17 9:54 AM
54.0;54.621;10/26/17 9:54 AM
54.0;54.53;10/26/17 9:55 AM
54.0;54.346;10/26/17 9:55 AM
54.0;54.1118;10/26/17 9:55 AM
54.0;53.677;10/26/17 9:55 AM
54.0;53.139;10/26/17 9:56 AM
54.0;52.6991;10/26/17 9:56 AM
54.0;52.393;10/26/17 9:56 AM
54.0;52.173;10/26/17 9:56 AM
54.0;52.005;10/26/17 9:57 AM
54.0;51.88;10/26/17 9:57 AM
54.0;51.844;10/26/17 9:57 AM
54.0;52.039;10/26/17 9:57 AM
54.0;52.25;10/26/17 9:58 AM
54.0;52.5045;10/26/17 9:58 AM
54.0;52.788;10/26/17 9:58 AM
54.0;53.003;10/26/17 9:58 AM
54.0;53.2309;10/26/17 9:59 AM
54.0;53.435;10/26/17 9:59 AM
54.0;53.567;10/26/17 9:59 AM
54.0;53.69;10/26/17 9:59 AM
54.0;53.787;10/26/17 10:00 AM
54.0;53.8418;10/26/17 10:00 AM
54.0;53.94;10/26/17 10:00 AM
54.0;53.98;10/26/17 10:00 AM
54.0;54.05;10/26/17 10:01 AM
54.0;54.06;10/26/17 10:01 AM
54.0;54.105;10/26/17 10:01 AM
54.0;54.16;10/26/17 10:01 AM
54.0;54.16;10/26/17 10:02 AM
54.0;54.184;10/26/17 10:02 AM
54.0;54.28;10/26/17 10:02 AM
54.0;54.28;10/26/17 10:02 AM
54.0;54.28;10/26/17 10:03 AM
54.0;54.335;10/26/17 10:03 AM
54.0;54.39;10/26/17 10:03 AM
54.0;54.39;10/26/17 10:03 AM
54.0;54.39;10/26/17 10:04 AM
54.0;54.401;10/26/17 10:04 AM
54.0;54.43;10/26/17 10:04 AM
54.0;54.5;10/26/17 10:04 AM
54.0;54.5;10/26/17 10:05 AM
54.0;54.5;10/26/17 10:05 AM
54.0;54.51;10/26/17 10:05 AM
54.0;54.61;10/26/17 10:05 AM
54.0;54.61;10/26/17 10:06 AM
54.0;54.61;10/26/17 10:06 AM
54.0;54.61;10/26/17 10:06 AM
54.0;54.61;10/26/17 10:06 AM
54.0;54.66;10/26/17 10:07 AM
