"tempSet","timestamp","tempActual","outlier"
60.0,10/27/17 3:41 AM,53.13,"false"
60.0,10/27/17 3:41 AM,53.422,"false"
60.0,10/27/17 3:41 AM,53.699,"false"
60.0,10/27/17 3:42 AM,53.9064,"false"
60.0,10/27/17 3:42 AM,54.094,"false"
60.0,10/27/17 3:42 AM,54.2364,"false"
60.0,10/27/17 3:42 AM,54.357,"false"
60.0,10/27/17 3:43 AM,54.434,"false"
60.0,10/27/17 3:43 AM,54.5,"false"
60.0,10/27/17 3:43 AM,54.577,"false"
60.0,10/27/17 3:43 AM,54.61,"false"
60.0,10/27/17 3:44 AM,54.69,"false"
60.0,10/27/17 3:44 AM,54.72,"false"
60.0,10/27/17 3:44 AM,54.732,"false"
60.0,10/27/17 3:44 AM,54.84,"false"
60.0,10/27/17 3:45 AM,54.84,"false"
60.0,10/27/17 3:45 AM,54.86,"false"
60.0,10/27/17 3:45 AM,54.939,"false"
60.0,10/27/17 3:45 AM,54.95,"false"
60.0,10/27/17 3:46 AM,54.96,"false"
60.0,10/27/17 3:46 AM,55.027,"false"
60.0,10/27/17 3:46 AM,55.06,"false"
60.0,10/27/17 3:46 AM,55.11,"false"
60.0,10/27/17 3:47 AM,55.17,"false"
60.0,10/27/17 3:47 AM,55.17,"false"
60.0,10/27/17 3:47 AM,55.17,"false"
60.0,10/27/17 3:47 AM,55.23,"false"
60.0,10/27/17 3:48 AM,55.29,"false"
60.0,10/27/17 3:48 AM,55.29,"false"
60.0,10/27/17 3:48 AM,55.301,"false"
60.0,10/27/17 3:48 AM,55.37,"false"
60.0,10/27/17 3:49 AM,55.4,"false"
60.0,10/27/17 3:49 AM,55.4,"false"
60.0,10/27/17 3:49 AM,55.4,"false"
60.0,10/27/17 3:49 AM,55.455,"false"
60.0,10/27/17 3:50 AM,55.51,"false"
60.0,10/27/17 3:50 AM,55.51,"false"
60.0,10/27/17 3:50 AM,55.51,"false"
60.0,10/27/17 3:50 AM,55.546,"false"
60.0,10/27/17 3:51 AM,55.63,"false"
60.0,10/27/17 3:51 AM,55.63,"false"
60.0,10/27/17 3:51 AM,55.63,"false"
60.0,10/27/17 3:51 AM,55.65,"false"
60.0,10/27/17 3:52 AM,55.729,"false"
60.0,10/27/17 3:52 AM,55.74,"false"
60.0,10/27/17 3:52 AM,55.74,"false"
60.0,10/27/17 3:52 AM,55.817,"false"
60.0,10/27/17 3:53 AM,55.85,"false"
60.0,10/27/17 3:53 AM,55.85,"false"
60.0,10/27/17 3:53 AM,55.85,"false"
60.0,10/27/17 3:53 AM,55.861,"false"
60.0,10/27/17 3:54 AM,55.95,"false"
60.0,10/27/17 3:54 AM,55.96,"false"
60.0,10/27/17 3:54 AM,55.96,"false"
60.0,10/27/17 3:54 AM,55.96,"false"
60.0,10/27/17 3:55 AM,55.971,"false"
60.0,10/27/17 3:55 AM,56.048,"false"
60.0,10/27/17 3:55 AM,56.07,"false"
60.0,10/27/17 3:55 AM,56.07,"false"
60.0,10/27/17 3:56 AM,56.07,"false"
60.0,10/27/17 3:56 AM,56.082,"false"
60.0,10/27/17 3:56 AM,56.142,"false"
60.0,10/27/17 3:56 AM,56.19,"false"
60.0,10/27/17 3:57 AM,56.19,"false"
60.0,10/27/17 3:57 AM,56.212,"false"
60.0,10/27/17 3:57 AM,56.29,"false"
60.0,10/27/17 3:57 AM,56.3,"false"
60.0,10/27/17 3:58 AM,56.3,"false"
60.0,10/27/17 3:58 AM,56.3,"false"
60.0,10/27/17 3:58 AM,56.333,"false"
60.0,10/27/17 3:58 AM,56.32,"false"
60.0,10/27/17 3:59 AM,56.377,"false"
60.0,10/27/17 3:59 AM,56.41,"false"
60.0,10/27/17 3:59 AM,56.41,"false"
60.0,10/27/17 3:59 AM,56.41,"false"
60.0,10/27/17 4:00 AM,56.446,"false"
60.0,10/27/17 4:00 AM,56.53,"false"
60.0,10/27/17 4:00 AM,56.53,"false"
60.0,10/27/17 4:00 AM,56.53,"false"
60.0,10/27/17 4:01 AM,56.53,"false"
60.0,10/27/17 4:01 AM,56.574,"false"
60.0,10/27/17 4:01 AM,56.629,"false"
60.0,10/27/17 4:01 AM,56.64,"false"
60.0,10/27/17 4:02 AM,56.64,"false"
60.0,10/27/17 4:02 AM,56.64,"false"
60.0,10/27/17 4:02 AM,56.695,"false"
60.0,10/27/17 4:02 AM,56.75,"false"
60.0,10/27/17 4:03 AM,56.75,"false"
60.0,10/27/17 4:03 AM,56.75,"false"
60.0,10/27/17 4:03 AM,56.75,"false"
60.0,10/27/17 4:03 AM,56.75,"false"
60.0,10/27/17 4:04 AM,56.86,"false"
60.0,10/27/17 4:04 AM,56.86,"false"
60.0,10/27/17 4:04 AM,56.86,"false"
60.0,10/27/17 4:04 AM,56.86,"false"
60.0,10/27/17 4:05 AM,56.86,"false"
60.0,10/27/17 4:05 AM,56.86,"false"
60.0,10/27/17 4:05 AM,56.915,"false"
60.0,10/27/17 4:05 AM,56.95,"false"
60.0,10/27/17 4:06 AM,56.97,"false"
60.0,10/27/17 4:06 AM,56.97,"false"
60.0,10/27/17 4:06 AM,56.97,"false"
60.0,10/27/17 4:06 AM,56.97,"false"
60.0,10/27/17 4:07 AM,57.0245,"false"
60.0,10/27/17 4:07 AM,57.09,"false"
60.0,10/27/17 4:07 AM,57.09,"false"
60.0,10/27/17 4:07 AM,57.09,"false"
60.0,10/27/17 4:08 AM,57.09,"false"
60.0,10/27/17 4:08 AM,57.101,"false"
60.0,10/27/17 4:08 AM,57.15,"false"
60.0,10/27/17 4:08 AM,57.189,"false"
60.0,10/27/17 4:09 AM,57.2,"false"
60.0,10/27/17 4:09 AM,57.2,"false"
60.0,10/27/17 4:09 AM,57.2,"false"
60.0,10/27/17 4:09 AM,57.255,"false"
60.0,10/27/17 4:10 AM,57.31,"false"
52.0,10/27/17 4:10 AM,57.31,"false"
52.0,10/27/17 4:10 AM,57.31,"false"
52.0,10/27/17 4:10 AM,57.31,"false"
52.0,10/27/17 4:11 AM,57.31,"false"
52.0,10/27/17 4:11 AM,57.167,"false"
52.0,10/27/17 4:11 AM,56.9436,"false"
52.0,10/27/17 4:11 AM,56.549,"false"
52.0,10/27/17 4:12 AM,56.0845,"false"
52.0,10/27/17 4:12 AM,55.593,"false"
52.0,10/27/17 4:12 AM,54.915,"false"
52.0,10/27/17 4:12 AM,54.2664,"false"
52.0,10/27/17 4:13 AM,53.635,"false"
52.0,10/27/17 4:13 AM,52.9855,"false"
52.0,10/27/17 4:13 AM,52.295,"false"
52.0,10/27/17 4:13 AM,51.6864,"false"
52.0,10/27/17 4:14 AM,51.328,"false"
52.0,10/27/17 4:14 AM,51.094,"false"
52.0,10/27/17 4:14 AM,51.01,"false"
52.0,10/27/17 4:14 AM,51.092,"false"
52.0,10/27/17 4:15 AM,51.4618,"false"
52.0,10/27/17 4:15 AM,51.88,"false"
52.0,10/27/17 4:15 AM,52.3618,"false"
52.0,10/27/17 4:15 AM,52.788,"false"
52.0,10/27/17 4:16 AM,53.1918,"false"
52.0,10/27/17 4:16 AM,53.534,"false"
52.0,10/27/17 4:16 AM,53.8118,"false"
52.0,10/27/17 4:16 AM,53.984,"false"
52.0,10/27/17 4:17 AM,54.149,"false"
52.0,10/27/17 4:17 AM,54.33,"false"
52.0,10/27/17 4:17 AM,54.434,"false"
52.0,10/27/17 4:17 AM,54.42,"false"
52.0,10/27/17 4:18 AM,54.368,"false"
52.0,10/27/17 4:18 AM,54.232,"false"
52.0,10/27/17 4:18 AM,53.8645,"false"
52.0,10/27/17 4:18 AM,53.399,"false"
52.0,10/27/17 4:19 AM,52.868,"false"
52.0,10/27/17 4:19 AM,52.2191,"false"
52.0,10/27/17 4:19 AM,51.5536,"false"
52.0,10/27/17 4:19 AM,51.139,"false"
52.0,10/27/17 4:20 AM,50.899,"false"
52.0,10/27/17 4:20 AM,50.44,"false"
52.0,10/27/17 4:20 AM,50.303,"false"
52.0,10/27/17 4:20 AM,50.505,"false"
52.0,10/27/17 4:21 AM,50.8582,"false"
52.0,10/27/17 4:21 AM,51.284,"false"
52.0,10/27/17 4:21 AM,51.6655,"false"
52.0,10/27/17 4:21 AM,52.071,"false"
52.0,10/27/17 4:22 AM,52.41,"false"
52.0,10/27/17 4:22 AM,52.7183,"false"
52.0,10/27/17 4:22 AM,53.0264,"false"
52.0,10/27/17 4:22 AM,53.227,"false"
52.0,10/27/17 4:23 AM,53.3691,"false"
52.0,10/27/17 4:23 AM,53.479,"false"
52.0,10/27/17 4:23 AM,53.49,"false"
52.0,10/27/17 4:23 AM,53.49,"false"
52.0,10/27/17 4:24 AM,53.49,"false"
52.0,10/27/17 4:24 AM,53.3673,"false"
52.0,10/27/17 4:24 AM,53.014,"false"
52.0,10/27/17 4:24 AM,52.5145,"false"
52.0,10/27/17 4:25 AM,52.015,"false"
52.0,10/27/17 4:25 AM,51.5536,"false"
52.0,10/27/17 4:25 AM,51.059,"false"
52.0,10/27/17 4:25 AM,50.64,"false"
52.0,10/27/17 4:26 AM,50.1718,"false"
52.0,10/27/17 4:26 AM,49.934,"false"
52.0,10/27/17 4:26 AM,49.857,"false"
52.0,10/27/17 4:26 AM,50.06,"false"
52.0,10/27/17 4:27 AM,50.359,"false"
52.0,10/27/17 4:27 AM,50.7764,"false"
52.0,10/27/17 4:27 AM,51.183,"false"
52.0,10/27/17 4:27 AM,51.5936,"false"
52.0,10/27/17 4:28 AM,51.924,"false"
52.0,10/27/17 4:28 AM,52.21,"false"
52.0,10/27/17 4:28 AM,52.438,"false"
52.0,10/27/17 4:28 AM,52.65,"false"
52.0,10/27/17 4:29 AM,52.788,"false"
52.0,10/27/17 4:29 AM,52.92,"false"
52.0,10/27/17 4:29 AM,53.028,"false"
52.0,10/27/17 4:29 AM,52.92,"false"
52.0,10/27/17 4:30 AM,52.87,"false"
52.0,10/27/17 4:30 AM,52.766,"false"
52.0,10/27/17 4:30 AM,52.5355,"false"
52.0,10/27/17 4:30 AM,52.2,"false"
52.0,10/27/17 4:31 AM,51.687,"false"
52.0,10/27/17 4:31 AM,51.115,"false"
52.0,10/27/17 4:31 AM,50.6136,"false"
52.0,10/27/17 4:31 AM,50.1,"false"
52.0,10/27/17 4:32 AM,49.697,"false"
52.0,10/27/17 4:32 AM,49.46,"false"
52.0,10/27/17 4:32 AM,49.32,"false"
52.0,10/27/17 4:32 AM,49.437,"false"
52.0,10/27/17 4:33 AM,49.8373,"false"
52.0,10/27/17 4:33 AM,50.348,"false"
52.0,10/27/17 4:33 AM,50.7764,"false"
52.0,10/27/17 4:33 AM,51.138,"false"
52.0,10/27/17 4:34 AM,51.46,"false"
52.0,10/27/17 4:34 AM,51.6873,"false"
52.0,10/27/17 4:34 AM,51.9436,"false"
52.0,10/27/17 4:34 AM,52.107,"false"
52.0,10/27/17 4:35 AM,52.29,"false"
52.0,10/27/17 4:35 AM,52.4,"false"
52.0,10/27/17 4:35 AM,52.482,"false"
52.0,10/27/17 4:35 AM,52.59,"false"
52.0,10/27/17 4:36 AM,52.689,"false"
52.0,10/27/17 4:36 AM,52.733,"false"
52.0,10/27/17 4:36 AM,52.83,"false"
52.0,10/27/17 4:36 AM,52.799,"false"
52.0,10/27/17 4:37 AM,52.7,"false"
52.0,10/27/17 4:37 AM,52.678,"false"
52.0,10/27/17 4:37 AM,52.3709,"false"
52.0,10/27/17 4:37 AM,51.936,"false"
52.0,10/27/17 4:38 AM,51.5127,"false"
52.0,10/27/17 4:38 AM,51.07,"false"
52.0,10/27/17 4:38 AM,50.55,"false"
52.0,10/27/17 4:38 AM,50.02,"false"
52.0,10/27/17 4:39 AM,49.538,"false"
52.0,10/27/17 4:39 AM,49.199,"false"
52.0,10/27/17 4:39 AM,49.0,"false"
52.0,10/27/17 4:39 AM,49.1,"false"
52.0,10/27/17 4:40 AM,49.3745,"false"
56.0,10/27/17 4:40 AM,49.81,"false"
56.0,10/27/17 4:40 AM,50.201,"false"
56.0,10/27/17 4:40 AM,50.6427,"false"
56.0,10/27/17 4:41 AM,51.002,"false"
56.0,10/27/17 4:41 AM,51.262,"false"
56.0,10/27/17 4:41 AM,51.52,"false"
56.0,10/27/17 4:41 AM,51.711,"false"
56.0,10/27/17 4:42 AM,51.877,"false"
56.0,10/27/17 4:42 AM,52.04,"false"
56.0,10/27/17 4:42 AM,52.14,"false"
56.0,10/27/17 4:42 AM,52.217,"false"
56.0,10/27/17 4:43 AM,52.3,"false"
56.0,10/27/17 4:43 AM,52.371,"false"
56.0,10/27/17 4:43 AM,52.459,"false"
56.0,10/27/17 4:43 AM,52.5136,"false"
56.0,10/27/17 4:44 AM,52.59,"false"
56.0,10/27/17 4:44 AM,52.63,"false"
56.0,10/27/17 4:44 AM,52.7,"false"
56.0,10/27/17 4:44 AM,52.766,"false"
56.0,10/27/17 4:45 AM,52.82,"false"
56.0,10/27/17 4:45 AM,52.92,"false"
56.0,10/27/17 4:45 AM,52.92,"false"
56.0,10/27/17 4:45 AM,53.0182,"false"
56.0,10/27/17 4:46 AM,53.04,"false"
56.0,10/27/17 4:46 AM,53.04,"false"
56.0,10/27/17 4:46 AM,53.139,"false"
56.0,10/27/17 4:46 AM,53.15,"false"
56.0,10/27/17 4:47 AM,53.18,"false"
56.0,10/27/17 4:47 AM,53.26,"false"
56.0,10/27/17 4:47 AM,53.3145,"false"
56.0,10/27/17 4:47 AM,53.38,"false"
56.0,10/27/17 4:48 AM,53.38,"false"
56.0,10/27/17 4:48 AM,53.47,"false"
56.0,10/27/17 4:48 AM,53.49,"false"
56.0,10/27/17 4:48 AM,53.501,"false"
56.0,10/27/17 4:49 AM,53.59,"false"
56.0,10/27/17 4:49 AM,53.6,"false"
56.0,10/27/17 4:49 AM,53.6,"false"
56.0,10/27/17 4:49 AM,53.655,"false"
56.0,10/27/17 4:50 AM,53.71,"false"
56.0,10/27/17 4:50 AM,53.71,"false"
56.0,10/27/17 4:50 AM,53.82,"false"
56.0,10/27/17 4:50 AM,53.82,"false"
56.0,10/27/17 4:51 AM,53.82,"false"
56.0,10/27/17 4:51 AM,53.868,"false"
56.0,10/27/17 4:51 AM,53.94,"false"
56.0,10/27/17 4:51 AM,53.94,"false"
56.0,10/27/17 4:52 AM,53.951,"false"
56.0,10/27/17 4:52 AM,54.028,"false"
56.0,10/27/17 4:52 AM,54.05,"false"
56.0,10/27/17 4:52 AM,54.05,"false"
56.0,10/27/17 4:53 AM,54.06,"false"
56.0,10/27/17 4:53 AM,54.16,"false"
56.0,10/27/17 4:53 AM,54.16,"false"
56.0,10/27/17 4:53 AM,54.16,"false"
56.0,10/27/17 4:54 AM,54.184,"false"
56.0,10/27/17 4:54 AM,54.28,"false"
56.0,10/27/17 4:54 AM,54.28,"false"
56.0,10/27/17 4:54 AM,54.291,"false"
56.0,10/27/17 4:55 AM,54.36,"false"
56.0,10/27/17 4:55 AM,54.39,"false"
56.0,10/27/17 4:55 AM,54.39,"false"
56.0,10/27/17 4:55 AM,54.434,"false"
56.0,10/27/17 4:56 AM,54.5,"false"
56.0,10/27/17 4:56 AM,54.5,"false"
56.0,10/27/17 4:56 AM,54.5,"false"
56.0,10/27/17 4:56 AM,54.577,"false"
56.0,10/27/17 4:57 AM,54.6,"false"
56.0,10/27/17 4:57 AM,54.61,"false"
56.0,10/27/17 4:57 AM,54.61,"false"
56.0,10/27/17 4:57 AM,54.654,"false"
56.0,10/27/17 4:58 AM,54.72,"false"
56.0,10/27/17 4:58 AM,54.72,"false"
56.0,10/27/17 4:58 AM,54.72,"false"
56.0,10/27/17 4:58 AM,54.8073,"false"
56.0,10/27/17 4:59 AM,54.84,"false"
56.0,10/27/17 4:59 AM,54.84,"false"
56.0,10/27/17 4:59 AM,54.84,"false"
56.0,10/27/17 4:59 AM,54.873,"false"
56.0,10/27/17 5:00 AM,54.928,"false"
56.0,10/27/17 5:00 AM,54.95,"false"
56.0,10/27/17 5:00 AM,54.95,"false"
56.0,10/27/17 5:00 AM,54.95,"false"
56.0,10/27/17 5:01 AM,55.03,"false"
56.0,10/27/17 5:01 AM,55.06,"false"
56.0,10/27/17 5:01 AM,55.06,"false"
56.0,10/27/17 5:01 AM,55.06,"false"
56.0,10/27/17 5:02 AM,55.06,"false"
56.0,10/27/17 5:02 AM,55.15,"false"
56.0,10/27/17 5:02 AM,55.17,"false"
56.0,10/27/17 5:02 AM,55.17,"false"
56.0,10/27/17 5:03 AM,55.17,"false"
56.0,10/27/17 5:03 AM,55.182,"false"
56.0,10/27/17 5:03 AM,55.2573,"false"
56.0,10/27/17 5:03 AM,55.29,"false"
56.0,10/27/17 5:04 AM,55.29,"false"
56.0,10/27/17 5:04 AM,55.29,"false"
56.0,10/27/17 5:04 AM,55.301,"false"
56.0,10/27/17 5:04 AM,55.378,"false"
56.0,10/27/17 5:05 AM,55.4,"false"
56.0,10/27/17 5:05 AM,55.4,"false"
56.0,10/27/17 5:05 AM,55.4,"false"
56.0,10/27/17 5:05 AM,55.4,"false"
56.0,10/27/17 5:06 AM,55.477,"false"
56.0,10/27/17 5:06 AM,55.51,"false"
56.0,10/27/17 5:06 AM,55.51,"false"
56.0,10/27/17 5:06 AM,55.51,"false"
56.0,10/27/17 5:07 AM,55.51,"false"
56.0,10/27/17 5:07 AM,55.5536,"false"
56.0,10/27/17 5:07 AM,55.63,"false"
56.0,10/27/17 5:07 AM,55.63,"false"
56.0,10/27/17 5:08 AM,55.63,"false"
56.0,10/27/17 5:08 AM,55.63,"false"
56.0,10/27/17 5:08 AM,55.67,"false"
56.0,10/27/17 5:08 AM,55.74,"false"
56.0,10/27/17 5:09 AM,55.74,"false"
56.0,10/27/17 5:09 AM,55.74,"false"
56.0,10/27/17 5:09 AM,55.74,"false"
56.0,10/27/17 5:09 AM,55.74,"false"
56.0,10/27/17 5:10 AM,55.74,"false"
53.0,10/27/17 5:10 AM,55.839,"false"
53.0,10/27/17 5:10 AM,55.85,"false"
53.0,10/27/17 5:10 AM,55.85,"false"
53.0,10/27/17 5:11 AM,55.762,"false"
53.0,10/27/17 5:11 AM,55.63,"false"
53.0,10/27/17 5:11 AM,55.455,"false"
53.0,10/27/17 5:11 AM,55.0309,"false"
53.0,10/27/17 5:12 AM,54.533,"false"
53.0,10/27/17 5:12 AM,53.982,"false"
53.0,10/27/17 5:12 AM,53.1491,"false"
53.0,10/27/17 5:12 AM,52.44,"false"
53.0,10/27/17 5:13 AM,51.8936,"false"
53.0,10/27/17 5:13 AM,51.394,"false"
53.0,10/27/17 5:13 AM,50.98,"false"
53.0,10/27/17 5:13 AM,50.8,"false"
53.0,10/27/17 5:14 AM,51.002,"false"
53.0,10/27/17 5:14 AM,51.39,"false"
53.0,10/27/17 5:14 AM,51.811,"false"
53.0,10/27/17 5:14 AM,52.173,"false"
53.0,10/27/17 5:15 AM,52.5355,"false"
53.0,10/27/17 5:15 AM,52.8818,"false"
53.0,10/27/17 5:15 AM,53.1362,"false"
53.0,10/27/17 5:15 AM,53.3777,"false"
53.0,10/27/17 5:16 AM,53.57,"false"
53.0,10/27/17 5:16 AM,53.721,"false"
53.0,10/27/17 5:16 AM,53.82,"false"
53.0,10/27/17 5:16 AM,53.94,"false"
53.0,10/27/17 5:17 AM,53.856,"false"
53.0,10/27/17 5:17 AM,53.74,"false"
53.0,10/27/17 5:17 AM,53.589,"false"
53.0,10/27/17 5:17 AM,53.2745,"false"
53.0,10/27/17 5:18 AM,52.8,"false"
53.0,10/27/17 5:18 AM,52.261,"false"
53.0,10/27/17 5:18 AM,51.6973,"false"
53.0,10/27/17 5:18 AM,51.149,"false"
53.0,10/27/17 5:19 AM,50.6336,"false"
53.0,10/27/17 5:19 AM,50.099,"false"
53.0,10/27/17 5:19 AM,49.822,"false"
53.0,10/27/17 5:19 AM,49.57,"false"
53.0,10/27/17 5:20 AM,49.674,"false"
53.0,10/27/17 5:20 AM,49.98,"false"
53.0,10/27/17 5:20 AM,50.415,"false"
53.0,10/27/17 5:20 AM,50.798,"false"
53.0,10/27/17 5:21 AM,51.1673,"false"
53.0,10/27/17 5:21 AM,51.539,"false"
53.0,10/27/17 5:21 AM,51.856,"false"
53.0,10/27/17 5:21 AM,52.12,"false"
53.0,10/27/17 5:22 AM,52.327,"false"
53.0,10/27/17 5:22 AM,52.5355,"false"
53.0,10/27/17 5:22 AM,52.667,"false"
53.0,10/27/17 5:22 AM,52.8,"false"
53.0,10/27/17 5:23 AM,52.89,"false"
53.0,10/27/17 5:23 AM,52.968,"false"
53.0,10/27/17 5:23 AM,53.04,"false"
53.0,10/27/17 5:23 AM,53.14,"false"
53.0,10/27/17 5:24 AM,53.205,"false"
53.0,10/27/17 5:24 AM,53.26,"false"
53.0,10/27/17 5:24 AM,53.32,"false"
53.0,10/27/17 5:24 AM,53.38,"false"
53.0,10/27/17 5:25 AM,53.45,"false"
53.0,10/27/17 5:25 AM,53.49,"false"
53.0,10/27/17 5:25 AM,53.56,"false"
53.0,10/27/17 5:25 AM,53.6,"false"
53.0,10/27/17 5:26 AM,53.64,"false"
53.0,10/27/17 5:26 AM,53.71,"false"
53.0,10/27/17 5:26 AM,53.71,"false"
53.0,10/27/17 5:26 AM,53.71,"false"
53.0,10/27/17 5:27 AM,53.64,"false"
53.0,10/27/17 5:27 AM,53.556,"false"
53.0,10/27/17 5:27 AM,53.274,"false"
53.0,10/27/17 5:27 AM,52.9755,"false"
53.0,10/27/17 5:28 AM,52.351,"false"
53.0,10/27/17 5:28 AM,51.7791,"false"
53.0,10/27/17 5:28 AM,51.35,"false"
53.0,10/27/17 5:28 AM,51.161,"false"
53.0,10/27/17 5:29 AM,50.93,"false"
53.0,10/27/17 5:29 AM,50.9,"false"
53.0,10/27/17 5:29 AM,50.84,"false"
53.0,10/27/17 5:29 AM,50.967,"false"
53.0,10/27/17 5:30 AM,51.26,"false"
53.0,10/27/17 5:30 AM,51.585,"false"
53.0,10/27/17 5:30 AM,51.925,"false"
53.0,10/27/17 5:30 AM,52.21,"false"
53.0,10/27/17 5:31 AM,52.484,"false"
53.0,10/27/17 5:31 AM,52.74,"false"
53.0,10/27/17 5:31 AM,52.9218,"false"
53.0,10/27/17 5:31 AM,53.073,"false"
53.0,10/27/17 5:32 AM,53.19,"false"
53.0,10/27/17 5:32 AM,53.272,"false"
53.0,10/27/17 5:32 AM,53.38,"false"
53.0,10/27/17 5:32 AM,53.43,"false"
53.0,10/27/17 5:33 AM,53.49,"false"
53.0,10/27/17 5:33 AM,53.53,"false"
53.0,10/27/17 5:33 AM,53.6,"false"
53.0,10/27/17 5:33 AM,53.62,"false"
53.0,10/27/17 5:34 AM,53.71,"false"
53.0,10/27/17 5:34 AM,53.71,"false"
53.0,10/27/17 5:34 AM,53.71,"false"
53.0,10/27/17 5:34 AM,53.655,"false"
53.0,10/27/17 5:35 AM,53.54,"false"
53.0,10/27/17 5:35 AM,53.377,"false"
53.0,10/27/17 5:35 AM,52.9345,"false"
53.0,10/27/17 5:35 AM,52.463,"false"
53.0,10/27/17 5:36 AM,52.0055,"false"
53.0,10/27/17 5:36 AM,51.529,"false"
53.0,10/27/17 5:36 AM,51.273,"false"
53.0,10/27/17 5:36 AM,51.0864,"false"
53.0,10/27/17 5:37 AM,50.911,"false"
53.0,10/27/17 5:37 AM,50.79,"false"
53.0,10/27/17 5:37 AM,50.867,"false"
53.0,10/27/17 5:37 AM,51.115,"false"
53.0,10/27/17 5:38 AM,51.45,"false"
53.0,10/27/17 5:38 AM,51.778,"false"
53.0,10/27/17 5:38 AM,52.05,"false"
53.0,10/27/17 5:38 AM,52.33,"false"
53.0,10/27/17 5:39 AM,52.6082,"false"
53.0,10/27/17 5:39 AM,52.777,"false"
53.0,10/27/17 5:39 AM,52.9527,"false"
53.0,10/27/17 5:39 AM,53.062,"false"
53.0,10/27/17 5:40 AM,53.19,"false"
58.0,10/27/17 5:40 AM,53.284,"false"
58.0,10/27/17 5:40 AM,53.38,"false"
58.0,10/27/17 5:40 AM,53.402,"false"
58.0,10/27/17 5:41 AM,53.49,"false"
58.0,10/27/17 5:41 AM,53.49,"false"
58.0,10/27/17 5:41 AM,53.589,"false"
58.0,10/27/17 5:41 AM,53.6,"false"
58.0,10/27/17 5:42 AM,53.622,"false"
58.0,10/27/17 5:42 AM,53.71,"false"
58.0,10/27/17 5:42 AM,53.71,"false"
58.0,10/27/17 5:42 AM,53.71,"false"
58.0,10/27/17 5:43 AM,53.787,"false"
58.0,10/27/17 5:43 AM,53.82,"false"
58.0,10/27/17 5:43 AM,53.82,"false"
58.0,10/27/17 5:43 AM,53.8745,"false"
58.0,10/27/17 5:44 AM,53.94,"false"
58.0,10/27/17 5:44 AM,53.94,"false"
58.0,10/27/17 5:44 AM,53.95,"false"
58.0,10/27/17 5:44 AM,54.05,"false"
58.0,10/27/17 5:45 AM,54.05,"false"
58.0,10/27/17 5:45 AM,54.05,"false"
58.0,10/27/17 5:45 AM,54.13,"false"
58.0,10/27/17 5:45 AM,54.16,"false"
58.0,10/27/17 5:46 AM,54.16,"false"
58.0,10/27/17 5:46 AM,54.2036,"false"
58.0,10/27/17 5:46 AM,54.28,"false"
58.0,10/27/17 5:46 AM,54.28,"false"
58.0,10/27/17 5:47 AM,54.29,"false"
58.0,10/27/17 5:47 AM,54.313,"false"
58.0,10/27/17 5:47 AM,54.39,"false"
58.0,10/27/17 5:47 AM,54.39,"false"
58.0,10/27/17 5:48 AM,54.39,"false"
58.0,10/27/17 5:48 AM,54.48,"false"
58.0,10/27/17 5:48 AM,54.5,"false"
58.0,10/27/17 5:48 AM,54.5,"false"
58.0,10/27/17 5:49 AM,54.511,"false"
58.0,10/27/17 5:49 AM,54.577,"false"
58.0,10/27/17 5:49 AM,54.61,"false"
58.0,10/27/17 5:49 AM,54.61,"false"
58.0,10/27/17 5:50 AM,54.61,"false"
58.0,10/27/17 5:50 AM,54.61,"false"
58.0,10/27/17 5:50 AM,54.687,"false"
58.0,10/27/17 5:50 AM,54.72,"false"
58.0,10/27/17 5:51 AM,54.72,"false"
58.0,10/27/17 5:51 AM,54.756,"false"
58.0,10/27/17 5:51 AM,54.8073,"false"
58.0,10/27/17 5:52 AM,54.84,"false"
58.0,10/27/17 5:52 AM,54.84,"false"
58.0,10/27/17 5:52 AM,54.84,"false"
58.0,10/27/17 5:52 AM,54.84,"false"
58.0,10/27/17 5:53 AM,54.86,"false"
58.0,10/27/17 5:53 AM,54.939,"false"
58.0,10/27/17 5:53 AM,54.95,"false"
58.0,10/27/17 5:53 AM,54.95,"false"
58.0,10/27/17 5:54 AM,54.95,"false"
58.0,10/27/17 5:54 AM,54.95,"false"
58.0,10/27/17 5:54 AM,55.04,"false"
58.0,10/27/17 5:54 AM,55.06,"false"
58.0,10/27/17 5:55 AM,55.06,"false"
58.0,10/27/17 5:55 AM,55.06,"false"
58.0,10/27/17 5:55 AM,55.137,"false"
58.0,10/27/17 5:55 AM,55.17,"false"
58.0,10/27/17 5:56 AM,55.17,"false"
58.0,10/27/17 5:56 AM,55.17,"false"
58.0,10/27/17 5:56 AM,55.17,"false"
58.0,10/27/17 5:56 AM,55.17,"false"
58.0,10/27/17 5:57 AM,55.2245,"false"
58.0,10/27/17 5:57 AM,55.278,"false"
58.0,10/27/17 5:57 AM,55.29,"false"
58.0,10/27/17 5:57 AM,55.29,"false"
58.0,10/27/17 5:58 AM,55.29,"false"
58.0,10/27/17 5:58 AM,55.29,"false"
58.0,10/27/17 5:58 AM,55.301,"false"
58.0,10/27/17 5:58 AM,55.356,"false"
58.0,10/27/17 5:59 AM,55.4,"false"
58.0,10/27/17 5:59 AM,55.4,"false"
58.0,10/27/17 5:59 AM,55.4,"false"
58.0,10/27/17 5:59 AM,55.4,"false"
58.0,10/27/17 6:00 AM,55.444,"false"
58.0,10/27/17 6:00 AM,55.51,"false"
58.0,10/27/17 6:01 AM,55.51,"false"
58.0,10/27/17 6:01 AM,55.6082,"false"
58.0,10/27/17 6:01 AM,55.618,"false"
58.0,10/27/17 6:01 AM,55.63,"false"
58.0,10/27/17 6:02 AM,55.63,"false"
58.0,10/27/17 6:02 AM,55.63,"false"
58.0,10/27/17 6:02 AM,55.63,"false"
58.0,10/27/17 6:02 AM,55.63,"false"
58.0,10/27/17 6:03 AM,55.685,"false"
58.0,10/27/17 6:03 AM,55.74,"false"
58.0,10/27/17 6:03 AM,55.74,"false"
58.0,10/27/17 6:03 AM,55.74,"false"
58.0,10/27/17 6:04 AM,55.74,"false"
58.0,10/27/17 6:04 AM,55.74,"false"
58.0,10/27/17 6:04 AM,55.8,"false"
58.0,10/27/17 6:04 AM,55.85,"false"
58.0,10/27/17 6:05 AM,55.85,"false"
58.0,10/27/17 6:05 AM,55.85,"false"
58.0,10/27/17 6:05 AM,55.85,"false"
58.0,10/27/17 6:05 AM,55.861,"false"
58.0,10/27/17 6:06 AM,55.88,"false"
58.0,10/27/17 6:06 AM,55.927,"false"
58.0,10/27/17 6:06 AM,55.96,"false"
58.0,10/27/17 6:06 AM,55.96,"false"
58.0,10/27/17 6:07 AM,55.96,"false"
58.0,10/27/17 6:07 AM,55.96,"false"
58.0,10/27/17 6:07 AM,55.982,"false"
58.0,10/27/17 6:07 AM,56.015,"false"
58.0,10/27/17 6:08 AM,56.05,"false"
58.0,10/27/17 6:08 AM,56.07,"false"
58.0,10/27/17 6:08 AM,56.07,"false"
58.0,10/27/17 6:08 AM,56.07,"false"
58.0,10/27/17 6:09 AM,56.07,"false"
58.0,10/27/17 6:09 AM,56.07,"false"
58.0,10/27/17 6:09 AM,56.07,"false"
58.0,10/27/17 6:09 AM,56.1464,"false"
58.0,10/27/17 6:10 AM,56.19,"false"
54.0,10/27/17 6:10 AM,56.19,"false"
54.0,10/27/17 6:10 AM,56.19,"false"
54.0,10/27/17 6:10 AM,56.19,"false"
54.0,10/27/17 6:11 AM,56.1355,"false"
54.0,10/27/17 6:11 AM,55.982,"false"
54.0,10/27/17 6:11 AM,55.77,"false"
54.0,10/27/17 6:11 AM,55.422,"false"
54.0,10/27/17 6:12 AM,54.915,"false"
54.0,10/27/17 6:12 AM,54.3573,"false"
54.0,10/27/17 6:12 AM,53.702,"false"
54.0,10/27/17 6:12 AM,53.0473,"false"
54.0,10/27/17 6:13 AM,52.53,"false"
54.0,10/27/17 6:13 AM,52.17,"false"
54.0,10/27/17 6:13 AM,51.764,"false"
54.0,10/27/17 6:13 AM,51.47,"false"
54.0,10/27/17 6:14 AM,51.606,"false"
54.0,10/27/17 6:14 AM,51.89,"false"
54.0,10/27/17 6:14 AM,52.228,"false"
54.0,10/27/17 6:14 AM,52.5664,"false"
54.0,10/27/17 6:15 AM,52.912,"false"
54.0,10/27/17 6:15 AM,53.2318,"false"
54.0,10/27/17 6:15 AM,53.534,"false"
54.0,10/27/17 6:15 AM,53.76,"false"
54.0,10/27/17 6:16 AM,53.984,"false"
54.0,10/27/17 6:16 AM,54.09,"false"
54.0,10/27/17 6:16 AM,54.2145,"false"
54.0,10/27/17 6:16 AM,54.3,"false"
54.0,10/27/17 6:17 AM,54.39,"false"
54.0,10/27/17 6:17 AM,54.49,"false"
54.0,10/27/17 6:17 AM,54.511,"false"
54.0,10/27/17 6:17 AM,54.61,"false"
54.0,10/27/17 6:18 AM,54.665,"false"
54.0,10/27/17 6:18 AM,54.72,"false"
54.0,10/27/17 6:18 AM,54.72,"false"
54.0,10/27/17 6:18 AM,54.72,"false"
54.0,10/27/17 6:19 AM,54.61,"false"
54.0,10/27/17 6:19 AM,54.49,"false"
54.0,10/27/17 6:19 AM,54.288,"false"
54.0,10/27/17 6:19 AM,53.7836,"false"
54.0,10/27/17 6:20 AM,53.253,"false"
54.0,10/27/17 6:20 AM,52.721,"false"
54.0,10/27/17 6:20 AM,52.34,"false"
54.0,10/27/17 6:20 AM,51.992,"false"
54.0,10/27/17 6:21 AM,51.79,"false"
54.0,10/27/17 6:21 AM,51.69,"false"
54.0,10/27/17 6:21 AM,51.594,"false"
54.0,10/27/17 6:21 AM,51.72,"false"
54.0,10/27/17 6:22 AM,52.016,"false"
54.0,10/27/17 6:22 AM,52.34,"false"
54.0,10/27/17 6:22 AM,52.689,"false"
54.0,10/27/17 6:22 AM,52.934,"false"
54.0,10/27/17 6:23 AM,53.18,"false"
54.0,10/27/17 6:23 AM,53.412,"false"
54.0,10/27/17 6:23 AM,53.61,"false"
54.0,10/27/17 6:23 AM,53.754,"false"
54.0,10/27/17 6:24 AM,53.8855,"false"
54.0,10/27/17 6:24 AM,54.01,"false"
54.0,10/27/17 6:24 AM,54.05,"false"
54.0,10/27/17 6:24 AM,54.16,"false"
54.0,10/27/17 6:25 AM,54.232,"false"
54.0,10/27/17 6:25 AM,54.28,"false"
54.0,10/27/17 6:25 AM,54.34,"false"
54.0,10/27/17 6:25 AM,54.39,"false"
54.0,10/27/17 6:26 AM,54.39,"false"
54.0,10/27/17 6:26 AM,54.47,"false"
54.0,10/27/17 6:26 AM,54.5,"false"
54.0,10/27/17 6:26 AM,54.5,"false"
54.0,10/27/17 6:27 AM,54.58,"false"
54.0,10/27/17 6:27 AM,54.61,"false"
54.0,10/27/17 6:27 AM,54.61,"false"
54.0,10/27/17 6:27 AM,54.64,"false"
54.0,10/27/17 6:28 AM,54.72,"false"
54.0,10/27/17 6:28 AM,54.72,"false"
54.0,10/27/17 6:28 AM,54.72,"false"
54.0,10/27/17 6:28 AM,54.632,"false"
54.0,10/27/17 6:29 AM,54.48,"false"
54.0,10/27/17 6:29 AM,54.2464,"false"
54.0,10/27/17 6:29 AM,53.846,"false"
54.0,10/27/17 6:29 AM,53.3045,"false"
54.0,10/27/17 6:30 AM,52.777,"false"
54.0,10/27/17 6:30 AM,52.283,"false"
54.0,10/27/17 6:30 AM,51.9645,"false"
54.0,10/27/17 6:30 AM,51.734,"false"
54.0,10/27/17 6:31 AM,51.6136,"false"
54.0,10/27/17 6:31 AM,51.57,"false"
54.0,10/27/17 6:31 AM,51.642,"false"
54.0,10/27/17 6:31 AM,51.8818,"false"
54.0,10/27/17 6:32 AM,52.195,"false"
54.0,10/27/17 6:32 AM,52.4836,"false"
54.0,10/27/17 6:32 AM,52.777,"false"
54.0,10/27/17 6:32 AM,53.015,"false"
54.0,10/27/17 6:33 AM,53.2627,"false"
54.0,10/27/17 6:33 AM,53.446,"false"
54.0,10/27/17 6:33 AM,53.61,"false"
54.0,10/27/17 6:33 AM,53.743,"false"
54.0,10/27/17 6:34 AM,53.82,"false"
54.0,10/27/17 6:34 AM,53.916,"false"
54.0,10/27/17 6:34 AM,54.0,"false"
54.0,10/27/17 6:34 AM,54.05,"false"
54.0,10/27/17 6:35 AM,54.127,"false"
54.0,10/27/17 6:35 AM,54.16,"false"
54.0,10/27/17 6:35 AM,54.1927,"false"
54.0,10/27/17 6:35 AM,54.268,"false"
54.0,10/27/17 6:36 AM,54.28,"false"
54.0,10/27/17 6:36 AM,54.31,"false"
54.0,10/27/17 6:36 AM,54.39,"false"
54.0,10/27/17 6:36 AM,54.39,"false"
54.0,10/27/17 6:37 AM,54.45,"false"
54.0,10/27/17 6:37 AM,54.5,"false"
54.0,10/27/17 6:37 AM,54.5,"false"
54.0,10/27/17 6:37 AM,54.577,"false"
54.0,10/27/17 6:38 AM,54.61,"false"
54.0,10/27/17 6:38 AM,54.61,"false"
54.0,10/27/17 6:38 AM,54.65,"false"
54.0,10/27/17 6:38 AM,54.72,"false"
54.0,10/27/17 6:39 AM,54.72,"false"
54.0,10/27/17 6:39 AM,54.68,"false"
54.0,10/27/17 6:39 AM,54.566,"false"
54.0,10/27/17 6:39 AM,54.43,"false"
54.0,10/27/17 6:40 AM,54.2564,"false"
54.0,10/27/17 6:40 AM,53.824,"false"
54.0,10/27/17 6:40 AM,53.264,"false"
54.0,10/27/17 6:40 AM,52.77,"false"
54.0,10/27/17 6:41 AM,52.261,"false"
54.0,10/27/17 6:41 AM,51.9964,"false"
54.0,10/27/17 6:41 AM,51.811,"false"
54.0,10/27/17 6:41 AM,51.72,"false"
54.0,10/27/17 6:42 AM,51.606,"false"
54.0,10/27/17 6:42 AM,51.723,"false"
54.0,10/27/17 6:42 AM,51.9745,"false"
54.0,10/27/17 6:42 AM,52.272,"false"
54.0,10/27/17 6:43 AM,52.5864,"false"
54.0,10/27/17 6:43 AM,52.876,"false"
54.0,10/27/17 6:43 AM,53.095,"false"
54.0,10/27/17 6:43 AM,53.3255,"false"
54.0,10/27/17 6:44 AM,53.512,"false"
54.0,10/27/17 6:44 AM,53.64,"false"
54.0,10/27/17 6:44 AM,53.754,"false"
54.0,10/27/17 6:44 AM,53.82,"false"
54.0,10/27/17 6:45 AM,53.904,"false"
54.0,10/27/17 6:45 AM,53.94,"false"
54.0,10/27/17 6:45 AM,54.01,"false"
54.0,10/27/17 6:45 AM,54.05,"false"
54.0,10/27/17 6:46 AM,54.105,"false"
54.0,10/27/17 6:46 AM,54.16,"false"
54.0,10/27/17 6:46 AM,54.196,"false"
54.0,10/27/17 6:46 AM,54.28,"false"
54.0,10/27/17 6:47 AM,54.28,"false"
54.0,10/27/17 6:47 AM,54.324,"false"
54.0,10/27/17 6:47 AM,54.38,"false"
54.0,10/27/17 6:47 AM,54.39,"false"
54.0,10/27/17 6:48 AM,54.434,"false"
54.0,10/27/17 6:48 AM,54.5,"false"
54.0,10/27/17 6:48 AM,54.5,"false"
54.0,10/27/17 6:48 AM,54.5,"false"
54.0,10/27/17 6:49 AM,54.56,"false"
54.0,10/27/17 6:49 AM,54.61,"false"
54.0,10/27/17 6:49 AM,54.61,"false"
54.0,10/27/17 6:49 AM,54.621,"false"
54.0,10/27/17 6:50 AM,54.7,"false"
54.0,10/27/17 6:50 AM,54.72,"false"
54.0,10/27/17 6:50 AM,54.698,"false"
54.0,10/27/17 6:50 AM,54.53,"false"
54.0,10/27/17 6:51 AM,54.401,"false"
54.0,10/27/17 6:51 AM,54.1527,"false"
54.0,10/27/17 6:51 AM,53.824,"false"
54.0,10/27/17 6:51 AM,53.3964,"false"
54.0,10/27/17 6:52 AM,52.755,"false"
54.0,10/27/17 6:52 AM,52.31,"false"
54.0,10/27/17 6:52 AM,52.063,"false"
54.0,10/27/17 6:52 AM,51.867,"false"
54.0,10/27/17 6:53 AM,51.78,"false"
54.0,10/27/17 6:53 AM,51.606,"false"
54.0,10/27/17 6:53 AM,51.6773,"false"
54.0,10/27/17 6:53 AM,51.924,"false"
54.0,10/27/17 6:54 AM,52.23,"false"
54.0,10/27/17 6:54 AM,52.53,"false"
54.0,10/27/17 6:54 AM,52.81,"false"
54.0,10/27/17 6:54 AM,53.049,"false"
54.0,10/27/17 6:55 AM,53.2627,"false"
54.0,10/27/17 6:55 AM,53.468,"false"
54.0,10/27/17 6:55 AM,53.63,"false"
54.0,10/27/17 6:55 AM,53.732,"false"
54.0,10/27/17 6:56 AM,53.82,"false"
54.0,10/27/17 6:56 AM,53.9291,"false"
54.0,10/27/17 6:56 AM,53.973,"false"
54.0,10/27/17 6:56 AM,54.05,"false"
54.0,10/27/17 6:57 AM,54.07,"false"
54.0,10/27/17 6:57 AM,54.16,"false"
54.0,10/27/17 6:57 AM,54.16,"false"
54.0,10/27/17 6:57 AM,54.1927,"false"
54.0,10/27/17 6:58 AM,54.28,"false"
54.0,10/27/17 6:58 AM,54.28,"false"
54.0,10/27/17 6:58 AM,54.35,"false"
54.0,10/27/17 6:58 AM,54.39,"false"
